indice_tiempo,nivel_general,alimentos_bebidas,indumentaria,vivienda_servicios_basicos,equipamiento_mantenimiento_hogar,atencion_medica_salud,transporte_comunicaciones,esparcimiento,educacion,bienes_servicios_varios
1943-01-01,2.05049e-12,,,,,,,,,
1943-02-01,2.03862e-12,,,,,,,,,
1943-03-01,2.07078e-12,,,,,,,,,
1943-04-01,2.08452e-12,,,,,,,,,
1943-05-01,2.06641e-12,,,,,,,,,
1943-06-01,2.06859e-12,,,,,,,,,
1943-07-01,1.95183e-12,,,,,,,,,
1943-08-01,1.97213e-12,,,,,,,,,
1943-09-01,1.95402e-12,,,,,,,,,
1943-10-01,1.97431e-12,,,,,,,,,
1943-11-01,1.97431e-12,,,,,,,,,
1943-12-01,1.96807e-12,,,,,,,,,
1944-01-01,1.9818e-12,,,,,,,,,
1944-02-01,1.98586e-12,,,,,,,,,
1944-03-01,1.99866e-12,,,,,,,,,
1944-04-01,1.97618e-12,,,,,,,,,
1944-05-01,1.96807e-12,,,,,,,,,
1944-06-01,2.00397e-12,,,,,,,,,
1944-07-01,2.0021e-12,,,,,,,,,
1944-08-01,2.03051e-12,,,,,,,,,
1944-09-01,2.02645e-12,,,,,,,,,
1944-10-01,2.04018e-12,,,,,,,,,
1944-11-01,2.04018e-12,,,,,,,,,
1944-12-01,2.04424e-12,,,,,,,,,
1945-01-01,2.20346e-12,,,,,,,,,
1945-02-01,2.24561e-12,,,,,,,,,
1945-03-01,2.41294e-12,,,,,,,,,
1945-04-01,2.41513e-12,,,,,,,,,
1945-05-01,2.42356e-12,,,,,,,,,
1945-06-01,2.42481e-12,,,,,,,,,
1945-07-01,2.45322e-12,,,,,,,,,
1945-08-01,2.43105e-12,,,,,,,,,
1945-09-01,2.4451e-12,,,,,,,,,
1945-10-01,2.44697e-12,,,,,,,,,
1945-11-01,2.45134e-12,,,,,,,,,
1945-12-01,2.50535e-12,,,,,,,,,
1946-01-01,2.6811e-12,,,,,,,,,
1946-02-01,2.6852e-12,,,,,,,,,
1946-03-01,2.7638e-12,,,,,,,,,
1946-04-01,2.8116e-12,,,,,,,,,
1946-05-01,2.8041e-12,,,,,,,,,
1946-06-01,2.8519e-12,,,,,,,,,
1946-07-01,2.8581e-12,,,,,,,,,
1946-08-01,2.8382e-12,,,,,,,,,
1946-09-01,2.8422e-12,,,,,,,,,
1946-10-01,2.9125e-12,,,,,,,,,
1946-11-01,2.9249e-12,,,,,,,,,
1946-12-01,2.9749e-12,,,,,,,,,
1947-01-01,2.9493e-12,,,,,,,,,
1947-02-01,2.9693e-12,,,,,,,,,
1947-03-01,3.1507e-12,,,,,,,,,
1947-04-01,3.1525e-12,,,,,,,,,
1947-05-01,3.156e-12,,,,,,,,,
1947-06-01,3.3033e-12,,,,,,,,,
1947-07-01,3.2671e-12,,,,,,,,,
1947-08-01,3.2971e-12,,,,,,,,,
1947-09-01,3.3011e-12,,,,,,,,,
1947-10-01,3.283e-12,,,,,,,,,
1947-11-01,3.3136e-12,,,,,,,,,
1947-12-01,3.4185e-12,,,,,,,,,
1948-01-01,3.3636e-12,,,,,,,,,
1948-02-01,3.3539e-12,,,,,,,,,
1948-03-01,3.4145e-12,,,,,,,,,
1948-04-01,3.4344e-12,,,,,,,,,
1948-05-01,3.5194e-12,,,,,,,,,
1948-06-01,3.6199e-12,,,,,,,,,
1948-07-01,3.6118e-12,,,,,,,,,
1948-08-01,3.6861e-12,,,,,,,,,
1948-09-01,3.8372e-12,,,,,,,,,
1948-10-01,3.849e-12,,,,,,,,,
1948-11-01,3.8575e-12,,,,,,,,,
1948-12-01,4.0629e-12,,,,,,,,,
1949-01-01,4.0851e-12,,,,,,,,,
1949-02-01,4.0747e-12,,,,,,,,,
1949-03-01,4.3526e-12,,,,,,,,,
1949-04-01,4.5643e-12,,,,,,,,,
1949-05-01,4.697e-12,,,,,,,,,
1949-06-01,4.7519e-12,,,,,,,,,
1949-07-01,4.8399e-12,,,,,,,,,
1949-08-01,4.9227e-12,,,,,,,,,
1949-09-01,4.9998e-12,,,,,,,,,
1949-10-01,5.1365e-12,,,,,,,,,
1949-11-01,5.3017e-12,,,,,,,,,
1949-12-01,5.4303e-12,,,,,,,,,
1950-01-01,5.3338e-12,,,,,,,,,
1950-02-01,5.4728e-12,,,,,,,,,
1950-03-01,5.4746e-12,,,,,,,,,
1950-04-01,5.5936e-12,,,,,,,,,
1950-05-01,5.8596e-12,,,,,,,,,
1950-06-01,6.0269e-12,,,,,,,,,
1950-07-01,6.0288e-12,,,,,,,,,
1950-08-01,6.0406e-12,,,,,,,,,
1950-09-01,6.2801e-12,,,,,,,,,
1950-10-01,6.5183e-12,,,,,,,,,
1950-11-01,6.5039e-12,,,,,,,,,
1950-12-01,6.631e-12,,,,,,,,,
1951-01-01,6.5664e-12,,,,,,,,,
1951-02-01,6.7599e-12,,,,,,,,,
1951-03-01,6.7802e-12,,,,,,,,,
1951-04-01,7.3927e-12,,,,,,,,,
1951-05-01,7.9441e-12,,,,,,,,,
1951-06-01,8.2079e-12,,,,,,,,,
1951-07-01,8.2703e-12,,,,,,,,,
1951-08-01,9.0364e-12,,,,,,,,,
1951-09-01,8.8647e-12,,,,,,,,,
1951-10-01,9.1348e-12,,,,,,,,,
1951-11-01,9.1648e-12,,,,,,,,,
1951-12-01,9.9605e-12,,,,,,,,,
1952-01-01,1.03495e-11,,,,,,,,,
1952-02-01,1.04257e-11,,,,,,,,,
1952-03-01,1.07301e-11,,,,,,,,,
1952-04-01,1.14007e-11,,,,,,,,,
1952-05-01,1.15799e-11,,,,,,,,,
1952-06-01,1.18196e-11,,,,,,,,,
1952-07-01,1.13361e-11,,,,,,,,,
1952-08-01,1.12895e-11,,,,,,,,,
1952-09-01,1.16689e-11,,,,,,,,,
1952-10-01,1.17875e-11,,,,,,,,,
1952-11-01,1.18175e-11,,,,,,,,,
1952-12-01,1.18599e-11,,,,,,,,,
1953-01-01,1.17076e-11,,,,,,,,,
1953-02-01,1.23875e-11,,,,,,,,,
1953-03-01,1.23291e-11,,,,,,,,,
1953-04-01,1.18118e-11,,,,,,,,,
1953-05-01,1.16202e-11,,,,,,,,,
1953-06-01,1.16002e-11,,,,,,,,,
1953-07-01,1.1691e-11,,,,,,,,,
1953-08-01,1.17007e-11,,,,,,,,,
1953-09-01,1.16202e-11,,,,,,,,,
1953-10-01,1.15702e-11,,,,,,,,,
1953-11-01,1.16529e-11,,,,,,,,,
1953-12-01,1.17756e-11,,,,,,,,,
1954-01-01,1.15437e-11,,,,,,,,,
1954-02-01,1.15174e-11,,,,,,,,,
1954-03-01,1.15355e-11,,,,,,,,,
1954-04-01,1.17738e-11,,,,,,,,,
1954-05-01,1.17516e-11,,,,,,,,,
1954-06-01,1.19367e-11,,,,,,,,,
1954-07-01,1.22027e-11,,,,,,,,,
1954-08-01,1.22889e-11,,,,,,,,,
1954-09-01,1.25876e-11,,,,,,,,,
1954-10-01,1.2952e-11,,,,,,,,,
1954-11-01,1.30847e-11,,,,,,,,,
1954-12-01,1.3661e-11,,,,,,,,,
1955-01-01,1.33625e-11,,,,,,,,,
1955-02-01,1.33806e-11,,,,,,,,,
1955-03-01,1.33993e-11,,,,,,,,,
1955-04-01,1.35923e-11,,,,,,,,,
1955-05-01,1.36104e-11,,,,,,,,,
1955-06-01,1.36909e-11,,,,,,,,,
1955-07-01,1.37512e-11,,,,,,,,,
1955-08-01,1.3798e-11,,,,,,,,,
1955-09-01,1.38923e-11,,,,,,,,,
1955-10-01,1.38804e-11,,,,,,,,,
1955-11-01,1.38867e-11,,,,,,,,,
1955-12-01,1.46818e-11,,,,,,,,,
1956-01-01,1.44908e-11,,,,,,,,,
1956-02-01,1.43796e-11,,,,,,,,,
1956-03-01,1.43575e-11,,,,,,,,,
1956-04-01,1.48632e-11,,,,,,,,,
1956-05-01,1.54333e-11,,,,,,,,,
1956-06-01,1.60318e-11,,,,,,,,,
1956-07-01,1.5949e-11,,,,,,,,,
1956-08-01,1.58729e-11,,,,,,,,,
1956-09-01,1.59609e-11,,,,,,,,,
1956-10-01,1.61644e-11,,,,,,,,,
1956-11-01,1.64145e-11,,,,,,,,,
1956-12-01,1.71297e-11,,,,,,,,,
1957-01-01,1.69399e-11,,,,,,,,,
1957-02-01,1.70692e-11,,,,,,,,,
1957-03-01,1.76914e-11,,,,,,,,,
1957-04-01,1.8165e-11,,,,,,,,,
1957-05-01,1.86739e-11,,,,,,,,,
1957-06-01,1.93913e-11,,,,,,,,,
1957-07-01,1.97481e-11,,,,,,,,,
1957-08-01,2.08093e-11,,,,,,,,,
1957-09-01,2.07634e-11,,,,,,,,,
1957-10-01,2.09828e-11,,,,,,,,,
1957-11-01,2.15108e-11,,,,,,,,,
1957-12-01,2.15204e-11,,,,,,,,,
1958-01-01,2.09504e-11,,,,,,,,,
1958-02-01,2.12404e-11,,,,,,,,,
1958-03-01,2.15913e-11,,,,,,,,,
1958-04-01,2.25238e-11,,,,,,,,,
1958-05-01,2.39777e-11,,,,,,,,,
1958-06-01,2.50354e-11,,,,,,,,,
1958-07-01,2.59436e-11,,,,,,,,,
1958-08-01,2.71487e-11,,,,,,,,,
1958-09-01,2.76678e-11,,,,,,,,,
1958-10-01,2.84901e-11,,,,,,,,,
1958-11-01,2.99378e-11,,,,,,,,,
1958-12-01,3.24419e-11,,,,,,,,,
1959-01-01,3.82028e-11,,,,,,,,,
1959-02-01,4.16713e-11,,,,,,,,,
1959-03-01,4.47289e-11,,,,,,,,,
1959-04-01,4.84271e-11,,,,,,,,,
1959-05-01,5.3479e-11,,,,,,,,,
1959-06-01,5.68585e-11,,,,,,,,,
1959-07-01,5.85975e-11,,,,,,,,,
1959-08-01,6.08125e-11,,,,,,,,,
1959-09-01,6.18905e-11,,,,,,,,,
1959-10-01,6.22729e-11,,,,,,,,,
1959-11-01,6.35763e-11,,,,,,,,,
1959-12-01,6.54095e-11,,,,,,,,,
1960-01-01,6.72018e-11,,,,,,,,,
1960-02-01,6.77557e-11,,,,,,,,,
1960-03-01,6.82399e-11,,,,,,,,,
1960-04-01,6.81709e-11,,,,,,,,,
1960-05-01,6.80326e-11,,,,,,,,,
1960-06-01,6.76867e-11,,,,,,,,,
1960-07-01,6.83092e-11,,,,,,,,,
1960-08-01,6.86554e-11,,,,,,,,,
1960-09-01,6.87247e-11,,,,,,,,,
1960-10-01,6.92782e-11,,,,,,,,,
1960-11-01,7.10084e-11,,,,,,,,,
1960-12-01,7.75142e-11,,,,,,,,,
1961-01-01,7.28079e-11,,,,,,,,,
1961-02-01,7.37076e-11,,,,,,,,,
1961-03-01,7.45384e-11,,,,,,,,,
1961-04-01,7.61992e-11,,,,,,,,,
1961-05-01,7.67528e-11,,,,,,,,,
1961-06-01,7.77908e-11,,,,,,,,,
1961-07-01,7.89675e-11,,,,,,,,,
1961-08-01,7.95903e-11,,,,,,,,,
1961-09-01,8.0421e-11,,,,,,,,,
1961-10-01,8.049e-11,,,,,,,,,
1961-11-01,8.30509e-11,,,,,,,,,
1961-12-01,9.02486e-11,,,,,,,,,
1962-01-01,8.66496e-11,,,,,,,,,
1962-02-01,8.78956e-11,,,,,,,,,
1962-03-01,8.92795e-11,,,,,,,,,
1962-04-01,9.21864e-11,,,,,,,,,
1962-05-01,9.53701e-11,,,,,,,,,
1962-06-01,9.67541e-11,,,,,,,,,
1962-07-01,1.011145e-10,,,,,,,,,
1962-08-01,1.024294e-10,,,,,,,,,
1962-09-01,1.062173e-10,,,,,,,,,
1962-10-01,1.080355e-10,,,,,,,,,
1962-11-01,1.074816e-10,,,,,,,,,
1962-12-01,1.179323e-10,,,,,,,,,
1963-01-01,1.130877e-10,,,,,,,,,
1963-02-01,1.141257e-10,,,,,,,,,
1963-03-01,1.195239e-10,,,,,,,,,
1963-04-01,1.213927e-10,,,,,,,,,
1963-05-01,1.213927e-10,,,,,,,,,
1963-06-01,1.227769e-10,,,,,,,,,
1963-07-01,1.246454e-10,,,,,,,,,
1963-08-01,1.251993e-10,,,,,,,,,
1963-09-01,1.27137e-10,,,,,,,,,
1963-10-01,1.310819e-10,,,,,,,,,
1963-11-01,1.34404e-10,,,,,,,,,
1963-12-01,1.460313e-10,,,,,,,,,
1964-01-01,1.453389e-10,,,,,,,,,
1964-02-01,1.442315e-10,,,,,,,,,
1964-03-01,1.438163e-10,,,,,,,,,
1964-04-01,1.49353e-10,,,,,,,,,
1964-05-01,1.49561e-10,,,,,,,,,
1964-06-01,1.51637e-10,,,,,,,,,
1964-07-01,1.521909e-10,,,,,,,,,
1964-08-01,1.514294e-10,,,,,,,,,
1964-09-01,1.530906e-10,,,,,,,,,
1964-10-01,1.591116e-10,,,,,,,,,
1964-11-01,1.609111e-10,,,,,,,,,
1964-12-01,1.724691e-10,,,,,,,,,
1965-01-01,1.66102e-10,,,,,,,,,
1965-02-01,1.7413e-10,,,,,,,,,
1965-03-01,1.78352e-10,,,,,,,,,
1965-04-01,1.80221e-10,,,,,,,,,
1965-05-01,1.84096e-10,,,,,,,,,
1965-06-01,1.91502e-10,,,,,,,,,
1965-07-01,1.99876e-10,,,,,,,,,
1965-08-01,2.04305e-10,,,,,,,,,
1965-09-01,2.0735e-10,,,,,,,,,
1965-10-01,2.1268e-10,,,,,,,,,
1965-11-01,2.20362e-10,,,,,,,,,
1965-12-01,2.38356e-10,,,,,,,,,
1966-01-01,2.32958e-10,,,,,,,,,
1966-02-01,2.38079e-10,,,,,,,,,
1966-03-01,2.4327e-10,,,,,,,,,
1966-04-01,2.48322e-10,,,,,,,,,
1966-05-01,2.50883e-10,,,,,,,,,
1966-06-01,2.53028e-10,,,,,,,,,
1966-07-01,2.57043e-10,,,,,,,,,
1966-08-01,2.60018e-10,,,,,,,,,
1966-09-01,2.63964e-10,,,,,,,,,
1966-10-01,2.72407e-10,,,,,,,,,
1966-11-01,2.78774e-10,,,,,,,,,
1966-12-01,3.09711e-10,,,,,,,,,
1967-01-01,2.9518e-10,,,,,,,,,
1967-02-01,3.0148e-10,,,,,,,,,
1967-03-01,3.0812e-10,,,,,,,,,
1967-04-01,3.1186e-10,,,,,,,,,
1967-05-01,3.1483e-10,,,,,,,,,
1967-06-01,3.2854e-10,,,,,,,,,
1967-07-01,3.4494e-10,,,,,,,,,
1967-08-01,3.4611e-10,,,,,,,,,
1967-09-01,3.4771e-10,,,,,,,,,
1967-10-01,3.5767e-10,,,,,,,,,
1967-11-01,3.6591e-10,,,,,,,,,
1967-12-01,3.9442e-10,,,,,,,,,
1968-01-01,3.8086e-10,,,,,,,,,
1968-02-01,3.8459e-10,,,,,,,,,
1968-03-01,3.821e-10,,,,,,,,,
1968-04-01,3.8051e-10,,,,,,,,,
1968-05-01,3.8093e-10,,,,,,,,,
1968-06-01,3.8225e-10,,,,,,,,,
1968-07-01,3.8203e-10,,,,,,,,,
1968-08-01,3.8266e-10,,,,,,,,,
1968-09-01,3.8799e-10,,,,,,,,,
1968-10-01,3.956e-10,,,,,,,,,
1968-11-01,3.9691e-10,,,,,,,,,
1968-12-01,4.3214e-10,,,,,,,,,
1969-01-01,4.1221e-10,,,,,,,,,
1969-02-01,4.0667e-10,,,,,,,,,
1969-03-01,4.1124e-10,,,,,,,,,
1969-04-01,4.1166e-10,,,,,,,,,
1969-05-01,4.0598e-10,,,,,,,,,
1969-06-01,4.0999e-10,,,,,,,,,
1969-07-01,4.1546e-10,,,,,,,,,
1969-08-01,4.1235e-10,,,,,,,,,
1969-09-01,4.2003e-10,,,,,,,,,
1969-10-01,4.264e-10,,,,,,,,,
1969-11-01,4.2944e-10,,,,,,,,,
1969-12-01,4.6093e-10,,,,,,,,,
1970-01-01,4.392e-10,,,,,,,,,
1970-02-01,4.4515e-10,,,,,,,,,
1970-03-01,4.509e-10,,,,,,,,,
1970-04-01,4.5436e-10,,,,,,,,,
1970-05-01,4.5772e-10,,,,,,,,,
1970-06-01,4.6107e-10,,,,,,,,,
1970-07-01,4.6674e-10,,,,,,,,,
1970-08-01,4.7201e-10,,,,,,,,,
1970-09-01,4.8163e-10,,,,,,,,,
1970-10-01,5.0073e-10,,,,,,,,,
1970-11-01,5.1367e-10,,,,,,,,,
1970-12-01,5.6115e-10,,,,,,,,,
1971-01-01,5.5956e-10,,,,,,,,,
1971-02-01,5.7824e-10,,,,,,,,,
1971-03-01,5.8433e-10,,,,,,,,,
1971-04-01,5.8959e-10,,,,,,,,,
1971-05-01,6.0392e-10,,,,,,,,,
1971-06-01,6.2274e-10,,,,,,,,,
1971-07-01,6.4953e-10,,,,,,,,,
1971-08-01,6.6655e-10,,,,,,,,,
1971-09-01,6.7257e-10,,,,,,,,,
1971-10-01,6.7949e-10,,,,,,,,,
1971-11-01,6.9784e-10,,,,,,,,,
1971-12-01,7.8068e-10,,,,,,,,,
1972-01-01,8.2137e-10,,,,,,,,,
1972-02-01,8.5105e-10,,,,,,,,,
1972-03-01,8.8705e-10,,,,,,,,,
1972-04-01,9.3031e-10,,,,,,,,,
1972-05-01,9.4526e-10,,,,,,,,,
1972-06-01,9.9723e-10,,,,,,,,,
1972-07-01,1.04672e-09,,,,,,,,,
1972-08-01,1.0454e-09,,,,,,,,,
1972-09-01,1.07101e-09,,,,,,,,,
1972-10-01,1.12285e-09,,,,,,,,,
1972-11-01,1.17759e-09,,,,,,,,,
1972-12-01,1.28148e-09,,,,,,,,,
1973-01-01,1.34072e-09,,,,,,,,,
1973-02-01,1.44218e-09,,,,,,,,,
1973-03-01,1.56607e-09,,,,,,,,,
1973-04-01,1.63603e-09,,,,,,,,,
1973-05-01,1.69265e-09,,,,,,,,,
1973-06-01,1.64296e-09,,,,,,,,,
1973-07-01,1.64282e-09,,,,,,,,,
1973-08-01,1.65597e-09,,,,,,,,,
1973-09-01,1.66462e-09,,,,,,,,,
1973-10-01,1.69043e-09,,,,,,,,,
1973-11-01,1.70386e-09,,,,,,,,,
1973-12-01,1.84234e-09,,,,,,,,,
1974-01-01,1.73695e-09,,,,,,,,,
1974-02-01,1.76414e-09,,,,,,,,,
1974-03-01,1.78511e-09,,,,,,,,,
1974-04-01,1.83577e-09,,,,,,,,,
1974-05-01,1.89688e-09,,,,,,,,,
1974-06-01,1.96955e-09,,,,,,,,,
1974-07-01,2.01476e-09,,,,,,,,,
1974-08-01,2.05219e-09,,,,,,,,,
1974-09-01,2.12002e-09,,,,,,,,,
1974-10-01,2.20016e-09,,,,,,,,,
1974-11-01,2.29117e-09,,,,,,,,,
1974-12-01,2.58115e-09,,,,,,,,,
1975-01-01,2.6558e-09,,,,,,,,,
1975-02-01,2.7784e-09,,,,,,,,,
1975-03-01,3.0037e-09,,,,,,,,,
1975-04-01,3.295e-09,,,,,,,,,
1975-05-01,3.4232e-09,,,,,,,,,
1975-06-01,4.1469e-09,,,,,,,,,
1975-07-01,5.5872e-09,,,,,,,,,
1975-08-01,6.8428e-09,,,,,,,,,
1975-09-01,7.5823e-09,,,,,,,,,
1975-10-01,8.6282e-09,,,,,,,,,
1975-11-01,9.4007e-09,,,,,,,,,
1975-12-01,1.1227e-08,,,,,,,,,
1976-01-01,1.22261e-08,,,,,,,,,
1976-02-01,1.45473e-08,,,,,,,,,
1976-03-01,2.00128e-08,,,,,,,,,
1976-04-01,2.68018e-08,,,,,,,,,
1976-05-01,3.00427e-08,,,,,,,,,
1976-06-01,3.08634e-08,,,,,,,,,
1976-07-01,3.21722e-08,,,,,,,,,
1976-08-01,3.39464e-08,,,,,,,,,
1976-09-01,3.75297e-08,,,,,,,,,
1976-10-01,4.07047e-08,,,,,,,,,
1976-11-01,4.39422e-08,,,,,,,,,
1976-12-01,5.02463e-08,,,,,,,,,
1977-01-01,5.42823e-08,,,,,,,,,
1977-02-01,5.87632e-08,,,,,,,,,
1977-03-01,6.31976e-08,,,,,,,,,
1977-04-01,6.69964e-08,8.24484e-08,2.205142e-07,4.92892e-08,5.90853e-08,3.58918e-08,6.50326e-08,,,5.7834e-08
1977-05-01,7.13484e-08,8.78214e-08,2.305042e-07,5.71355e-08,6.22672e-08,3.59905e-08,6.69268e-08,,,5.91566e-08
1977-06-01,7.68046e-08,9.64862e-08,2.395748e-07,5.94234e-08,6.73693e-08,3.99763e-08,6.84351e-08,,,6.20122e-08
1977-07-01,8.24509e-08,1.023889e-07,2.518937e-07,6.77457e-08,7.28688e-08,4.34491e-08,6.99083e-08,,,6.91362e-08
1977-08-01,9.17989e-08,1.125294e-07,2.710768e-07,7.95383e-08,8.09337e-08,4.7277e-08,8.76573e-08,,,7.38856e-08
1977-09-01,9.94155e-08,1.220645e-07,2.919147e-07,8.43751e-08,8.86688e-08,5.24861e-08,9.01127e-08,,,8.59995e-08
1977-10-01,1.118358e-07,1.366699e-07,3.49648e-07,9.46321e-08,9.79543e-08,5.68762e-08,1.074407e-07,,,9.41455e-08
1977-11-01,1.21944e-07,1.490428e-07,3.844596e-07,1.020636e-07,1.086796e-07,6.30722e-08,1.124917e-07,,,1.084537e-07
1977-12-01,1.30859e-07,1.565347e-07,4.067685e-07,1.108623e-07,1.17814e-07,6.92282e-08,1.310124e-07,,,1.143904e-07
1978-01-01,1.48339e-07,1.72162e-07,4.20803e-07,1.3976e-07,1.32901e-07,7.8571e-08,1.63318e-07,,,1.28759e-07
1978-02-01,1.57542e-07,1.82491e-07,4.38883e-07,1.44213e-07,1.42405e-07,8.5162e-08,1.70439e-07,,,1.42872e-07
1978-03-01,1.72496e-07,1.99897e-07,4.69037e-07,1.52075e-07,1.54927e-07,9.629e-08,1.81348e-07,,,1.59885e-07
1978-04-01,1.91599e-07,2.24907e-07,5.50121e-07,1.65341e-07,1.70288e-07,1.0511e-07,1.96904e-07,,,1.77139e-07
1978-05-01,2.08252e-07,2.46437e-07,5.89774e-07,1.74554e-07,1.9056e-07,1.14858e-07,2.12935e-07,,,1.93942e-07
1978-06-01,2.2177e-07,2.60967e-07,6.16006e-07,1.83614e-07,2.02794e-07,1.26499e-07,2.24773e-07,,,2.12278e-07
1978-07-01,2.36402e-07,2.71561e-07,6.47446e-07,2.04588e-07,2.17249e-07,1.34964e-07,2.42627e-07,,,2.35003e-07
1978-08-01,2.54859e-07,2.96459e-07,6.81584e-07,2.18654e-07,2.31843e-07,1.44514e-07,2.55711e-07,,,2.53489e-07
1978-09-01,2.71149e-07,3.1674e-07,7.27121e-07,2.30692e-07,2.48301e-07,1.55288e-07,2.70092e-07,,,2.69691e-07
1978-10-01,2.97605e-07,3.51058e-07,8.53129e-07,2.47152e-07,2.66131e-07,1.66061e-07,2.95418e-07,,,2.92116e-07
1978-11-01,3.23776e-07,3.86248e-07,9.65225e-07,2.68219e-07,2.83055e-07,1.78256e-07,3.10396e-07,,,3.10452e-07
1978-12-01,3.53116e-07,4.22383e-07,1.025777e-06,2.93862e-07,3.04369e-07,1.91851e-07,3.46034e-07,,,3.39579e-07
1979-01-01,3.98212e-07,4.87728e-07,1.070211e-06,3.34951e-07,3.32403e-07,2.11563e-07,3.82444e-07,,,3.82624e-07
1979-02-01,4.27852e-07,5.26171e-07,1.14486e-06,3.52978e-07,3.56734e-07,2.37194e-07,4.0356e-07,,,4.06341e-07
1979-03-01,4.6101e-07,5.61474e-07,1.267252e-06,3.80033e-07,3.87072e-07,2.5884e-07,4.33726e-07,,,4.33003e-07
1979-04-01,4.93288e-07,5.89512e-07,1.476796e-06,4.16332e-07,4.21579e-07,2.82222e-07,4.57017e-07,,,4.71314e-07
1979-05-01,5.27426e-07,6.30452e-07,1.560025e-06,4.51587e-07,4.53837e-07,3.05347e-07,4.808e-07,,,5.00697e-07
1979-06-01,5.7856e-07,7.03365e-07,1.628361e-06,4.79656e-07,4.90704e-07,3.34885e-07,5.31766e-07,,,5.33521e-07
1979-07-01,6.19938e-07,7.46728e-07,1.688852e-06,5.29006e-07,5.26364e-07,3.64463e-07,5.61792e-07,,,5.88981e-07
1979-08-01,6.90922e-07,8.71706e-07,1.731141e-06,5.60515e-07,5.69238e-07,3.95955e-07,5.89433e-07,,,6.35242e-07
1979-09-01,7.38219e-07,9.24149e-07,1.803583e-06,5.95186e-07,6.2152e-07,4.35517e-07,6.51835e-07,,,6.76814e-07
1979-10-01,7.70262e-07,9.32549e-07,2.092434e-06,6.34771e-07,6.65436e-07,4.67817e-07,7.01434e-07,,,7.3567e-07
1979-11-01,8.09849e-07,9.71597e-07,2.235112e-06,6.60966e-07,7.06692e-07,5.01726e-07,7.47367e-07,,,7.85237e-07
1979-12-01,8.46544e-07,1.004554e-06,2.267043e-06,6.84797e-07,7.4087e-07,5.40726e-07,8.35077e-07,,,8.28643e-07
1980-01-01,9.07578e-07,1.08511e-06,2.271149e-06,7.25764e-07,7.82098e-07,5.87115e-07,8.89481e-07,,,9.13801e-07
1980-02-01,9.56092e-07,1.149472e-06,2.28451e-06,7.63875e-07,8.19129e-07,6.14147e-07,9.40343e-07,,,9.65472e-07
1980-03-01,1.011507e-06,1.206569e-06,2.329557e-06,8.1083e-07,8.59452e-07,6.55879e-07,1.012005e-06,,,1.017595e-06
1980-04-01,1.073977e-06,1.284704e-06,2.607621e-06,8.54991e-07,9.06057e-07,6.93942e-07,1.061639e-06,,,1.081561e-06
1980-05-01,1.136103e-06,1.367909e-06,2.674363e-06,9.03205e-07,9.53018e-07,7.30603e-07,1.11713e-06,,,1.129536e-06
1980-06-01,1.201289e-06,1.45119e-06,2.728971e-06,9.70091e-07,9.98525e-07,7.6537e-07,1.177007e-06,,,1.18226e-06
1980-07-01,1.256235e-06,1.500644e-06,2.788727e-06,1.0406e-06,1.062685e-06,7.99684e-07,1.235796e-06,,,1.254191e-06
1980-08-01,1.299224e-06,1.532352e-06,2.840392e-06,1.103248e-06,1.112828e-06,8.56491e-07,1.264348e-06,,,1.332796e-06
1980-09-01,1.35826e-06,1.587974e-06,2.907564e-06,1.157973e-06,1.166399e-06,9.09687e-07,1.376244e-06,,,1.396913e-06
1980-10-01,1.46169e-06,1.695811e-06,3.361034e-06,1.302278e-06,1.238404e-06,9.94514e-07,1.447099e-06,,,1.465057e-06
1980-11-01,1.53006e-06,1.772887e-06,3.45603e-06,1.376964e-06,1.306624e-06,1.035911e-06,1.504871e-06,,,1.539724e-06
1980-12-01,1.588409e-06,1.825632e-06,3.50837e-06,1.431351e-06,1.355917e-06,1.106826e-06,1.615574e-06,,,1.594282e-06
1981-01-01,1.6662e-06,1.9161e-06,3.5467e-06,1.5131e-06,1.4039e-06,1.175e-06,1.656e-06,,,1.7215e-06
1981-02-01,1.7358e-06,1.9906e-06,3.6319e-06,1.564e-06,1.4678e-06,1.2443e-06,1.7531e-06,,,1.7978e-06
1981-03-01,1.8398e-06,2.1034e-06,3.7766e-06,1.6464e-06,1.5446e-06,1.3273e-06,1.8728e-06,,,1.8946e-06
1981-04-01,1.9849e-06,2.2438e-06,4.4814e-06,1.7683e-06,1.6908e-06,1.4284e-06,2.0608e-06,,,2.0407e-06
1981-05-01,2.1345e-06,2.4511e-06,4.6867e-06,1.8672e-06,1.809e-06,1.5211e-06,2.1765e-06,,,2.1946e-06
1981-06-01,2.3346e-06,2.7122e-06,4.8761e-06,2.0235e-06,1.9695e-06,1.6434e-06,2.3908e-06,,,2.3687e-06
1981-07-01,2.5737e-06,2.9994e-06,5.055e-06,2.1804e-06,2.1637e-06,1.7624e-06,2.6399e-06,,,2.7423e-06
1981-08-01,2.7776e-06,3.226e-06,5.1978e-06,2.4006e-06,2.308e-06,1.9055e-06,2.8672e-06,,,2.9954e-06
1981-09-01,2.9761e-06,3.4213e-06,5.4528e-06,2.6238e-06,2.4586e-06,2.0533e-06,3.1471e-06,,,3.2996e-06
1981-10-01,3.1494e-06,3.5458e-06,6.491e-06,2.7633e-06,2.6281e-06,2.2143e-06,3.3979e-06,,,3.5849e-06
1981-11-01,3.3764e-06,3.8583e-06,6.8416e-06,2.8818e-06,2.7702e-06,2.409e-06,3.6143e-06,,,3.8241e-06
1981-12-01,3.6736e-06,4.3052e-06,7.1866e-06,3.0314e-06,2.9436e-06,2.5359e-06,3.8932e-06,,,3.9831e-06
1982-01-01,4.1116e-06,4.8901e-06,7.6426e-06,3.3363e-06,3.2138e-06,2.737e-06,4.385e-06,,,4.5041e-06
1982-02-01,4.3289e-06,5.1017e-06,8.1053e-06,3.6035e-06,3.445e-06,2.9743e-06,4.487e-06,,,4.8747e-06
1982-03-01,4.533e-06,5.3083e-06,8.6085e-06,3.757e-06,3.6548e-06,3.1857e-06,4.5877e-06,,,5.1837e-06
1982-04-01,4.7229e-06,5.4683e-06,1.04625e-05,3.8977e-06,3.8548e-06,3.209e-06,4.6715e-06,,,5.6042e-06
1982-05-01,4.8674e-06,5.6212e-06,1.08455e-05,3.9956e-06,4.0594e-06,3.3348e-06,4.7961e-06,,,5.8111e-06
1982-06-01,5.2517e-06,6.2031e-06,1.11998e-05,4.1627e-06,4.3584e-06,3.4704e-06,4.9241e-06,,,6.4255e-06
1982-07-01,6.1056e-06,7.5168e-06,1.23428e-05,4.5736e-06,5.1767e-06,3.7794e-06,5.5558e-06,,,6.9698e-06
1982-08-01,7.0025e-06,8.5207e-06,1.44535e-05,5.248e-06,6.1011e-06,4.2259e-06,6.4205e-06,,,8.3057e-06
1982-09-01,8.1976e-06,1.02748e-05,1.68732e-05,5.8864e-06,7.0658e-06,4.7064e-06,7.7699e-06,,,8.9408e-06
1982-10-01,9.2378e-06,1.15121e-05,2.26398e-05,6.7586e-06,7.9554e-06,4.959e-06,8.7959e-06,,,9.7332e-06
1982-11-01,1.02858e-05,1.26745e-05,2.5345e-05,7.6489e-06,8.9166e-06,5.6048e-06,1.02291e-05,,,1.05902e-05
1982-12-01,1.13782e-05,1.37097e-05,2.79866e-05,8.5238e-06,1.00094e-05,6.3129e-06,1.2198e-05,,,1.195e-05
1983-01-01,1.31964e-05,1.59637e-05,3.0454e-05,1.01526e-05,1.13507e-05,7.2593e-06,1.42974e-05,,,1.3686e-05
1983-02-01,1.49166e-05,1.82643e-05,3.34449e-05,1.13319e-05,1.31063e-05,8.084e-06,1.60793e-05,,,1.52551e-05
1983-03-01,1.65962e-05,2.00691e-05,3.75573e-05,1.29994e-05,1.46479e-05,8.9226e-06,1.8026e-05,,,1.69744e-05
1983-04-01,1.83008e-05,2.15297e-05,4.93797e-05,1.43599e-05,1.64583e-05,9.9073e-06,2.05481e-05,,,1.86397e-05
1983-05-01,1.99585e-05,2.30356e-05,5.34064e-05,1.62731e-05,1.80822e-05,1.10004e-05,2.28807e-05,,,2.05665e-05
1983-06-01,2.31179e-05,2.76064e-05,5.94739e-05,1.87575e-05,2.01422e-05,1.2279e-05,2.56623e-05,,,2.24753e-05
1983-07-01,2.59963e-05,3.03648e-05,6.48182e-05,2.16442e-05,2.29264e-05,1.38042e-05,2.94751e-05,,,2.5887e-05
1983-08-01,3.04794e-05,3.64037e-05,7.1088e-05,2.52127e-05,2.65033e-05,1.59293e-05,3.38843e-05,,,2.97286e-05
1983-09-01,3.69918e-05,4.59577e-05,7.9466e-05,2.86676e-05,3.1194e-05,1.81788e-05,3.98053e-05,,,3.64919e-05
1983-10-01,4.327e-05,5.29047e-05,0.0001185065,3.31911e-05,3.75743e-05,2.09136e-05,4.37339e-05,,,4.32492e-05
1983-11-01,5.15931e-05,6.22582e-05,0.0001406621,4.1409e-05,4.61134e-05,2.45146e-05,5.20542e-05,,,5.30125e-05
1983-12-01,6.07247e-05,7.06355e-05,0.0001642028,5.21575e-05,5.59966e-05,2.85398e-05,6.57272e-05,,,6.33138e-05
1984-01-01,6.8339e-05,8.0367e-05,0.000180003,5.7243e-05,6.3118e-05,3.2202e-05,7.303e-05,,,6.9948e-05
1984-02-01,7.9922e-05,9.8756e-05,0.000200228,6.2157e-05,7.0579e-05,3.6484e-05,8.1449e-05,,,7.8124e-05
1984-03-01,9.6124e-05,0.000122859,0.000230443,6.8821e-05,8.306e-05,4.3252e-05,9.4006e-05,,,8.9697e-05
1984-04-01,0.000113919,0.000142762,0.000321578,8.049e-05,0.000104236,5.1835e-05,0.000111895,,,0.000104245
1984-05-01,0.000133369,0.000163308,0.000399353,9.4033e-05,0.000129829,6.2155e-05,0.000134976,,,0.000121169
1984-06-01,0.000157252,0.000188924,0.000470569,0.000112306,0.000156683,7.498e-05,0.000164967,,,0.000145216
1984-07-01,0.000186005,0.000217718,0.000539396,0.00013457,0.000184113,9.3192e-05,0.000209935,,,0.000170195
1984-08-01,0.000228494,0.000272734,0.000612696,0.000163591,0.000223613,0.000115588,0.000261253,,,0.0002029
1984-09-01,0.000291433,0.000367064,0.000724179,0.000194393,0.000272357,0.000140983,0.000310922,,,0.000250784
1984-10-01,0.000347752,0.000429874,0.001127822,0.000226454,0.000317837,0.000175769,0.000363116,,,0.000290733
1984-11-01,0.000399826,0.000481296,0.001259223,0.000270399,0.000369736,0.000207518,0.000427132,,,0.000349679
1984-12-01,0.000478499,0.000574415,0.001394731,0.00032666,0.000428409,0.000256531,0.00051528,,,0.000434145
1985-01-01,0.00059879,0.00073443,0.00151994,0.00041151,0.00052886,0.00032676,0.00064612,,,0.00053836
1985-02-01,0.00072273,0.00087859,0.00172587,0.00050794,0.00065093,0.00042581,0.00078292,,,0.00064988
1985-03-01,0.0009141,0.00109881,0.00204273,0.00067838,0.00083114,0.00053867,0.00098461,,,0.00081731
1985-04-01,0.00118353,0.00140454,0.00279106,0.00089734,0.00107939,0.0006914,0.00129399,,,0.00109145
1985-05-01,0.00148042,0.00168302,0.00345848,0.00117096,0.00142858,0.00089799,0.00171526,,,0.00142451
1985-06-01,0.00193248,0.0021594,0.00402907,0.00165925,0.00180081,0.00118548,0.00231403,,,0.00194964
1985-07-01,0.00205205,0.00224718,0.00410323,0.0017136,0.00191328,0.00131038,0.00246626,,,0.00224332
1985-08-01,0.00211511,0.00237507,0.00408055,0.00170777,0.00194564,0.0013824,0.00247152,,,0.00227158
1985-09-01,0.00215726,0.0024428,0.00411549,0.0017047,0.00197637,0.00144554,0.00249292,,,0.00231336
1985-10-01,0.00219909,0.00247043,0.00522725,0.00169733,0.00199392,0.00150572,0.00249572,,,0.00232087
1985-11-01,0.00225123,0.00256199,0.00529712,0.00170009,0.00200654,0.00158169,0.00250063,,,0.00235724
1985-12-01,0.00232272,0.00268232,0.00534615,0.00170132,0.00202053,0.00166791,0.00250414,,,0.00241285
1986-01-01,0.00239296,0.00278637,0.00535473,0.00170685,0.00204714,0.00174862,0.0025087,,,0.00246636
1986-02-01,0.00243355,0.00284615,0.00533512,0.00171299,0.0020614,0.00186227,0.00251116,,,0.00249492
1986-03-01,0.00254656,0.00302437,0.00539212,0.00174431,0.00207923,0.00195698,0.00263673,,,0.00255143
1986-04-01,0.00266707,0.00317383,0.00618457,0.0018257,0.00214287,0.00202289,0.0026918,,,0.00265814
1986-05-01,0.00277446,0.00329188,0.0063335,0.00191721,0.00223421,0.00214246,0.00276582,,,0.00271495
1986-06-01,0.00290059,0.00343907,0.00653637,0.00201487,0.00231129,0.00225118,0.00292086,,,0.00286464
1986-07-01,0.00309696,0.00364718,0.00671042,0.00217671,0.00241416,0.00237016,0.00310957,,,0.00311564
1986-08-01,0.00336888,0.00405583,0.00683545,0.00234346,0.00259246,0.00258425,0.00335055,,,0.00328307
1986-09-01,0.00361239,0.00437555,0.00707754,0.00247582,0.00279846,0.00278177,0.00364134,,,0.00363837
1986-10-01,0.00383124,0.00458707,0.00858829,0.00264503,0.00295262,0.00296744,0.00385004,,,0.00385239
1986-11-01,0.00403416,0.00483263,0.00886837,0.00278415,0.00306207,0.00313378,0.0040349,,,0.00405409
1986-12-01,0.00422523,0.00498928,0.00910924,0.00293862,0.00319373,0.00332419,0.00429166,,,0.00430629
1987-01-01,0.0045455,0.0053843,0.0093096,0.0031631,0.0034069,0.0035971,0.0045565,,,0.0047584
1987-02-01,0.004839,0.00574,0.0094813,0.0033535,0.0036236,0.0038635,0.0048757,,,0.0051852
1987-03-01,0.0052386,0.0062848,0.0099164,0.0034763,0.0038896,0.0041969,0.0050791,,,0.0057383
1987-04-01,0.0054134,0.0064703,0.011136,0.0035071,0.0040487,0.004412,0.0051107,,,0.0059547
1987-05-01,0.0056382,0.0067578,0.0116692,0.0036207,0.0042188,0.0046586,0.0053668,,,0.0060569
1987-06-01,0.0060909,0.0073897,0.0122392,0.0039861,0.0045397,0.0049507,0.0058263,,,0.0063124
1987-07-01,0.0067059,0.0081351,0.0126866,0.0044867,0.0048963,0.0054301,0.0064156,,,0.0067092
1987-08-01,0.0076269,0.0094859,0.0133056,0.0050303,0.0054093,0.0059826,0.007296,,,0.0074246
1987-09-01,0.0085166,0.0107119,0.0144149,0.005669,0.0060978,0.0064305,0.0080537,,,0.0082783
1987-10-01,0.0101838,0.0120778,0.0204273,0.0073028,0.007483,0.0073717,0.0107265,,,0.011182
1987-11-01,0.0112296,0.0129519,0.0228175,0.0082087,0.0088463,0.0081294,0.0117157,,,0.0132651
1987-12-01,0.0116105,0.0134589,0.023792,0.0083377,0.0092112,0.00853,0.0118174,,,0.013683
1988-01-01,0.012666,0.014935,0.025091,0.008811,0.009933,0.009161,0.012768,,,0.014567
1988-02-01,0.013986,0.01649,0.027218,0.009787,0.011178,0.010148,0.01436,,,0.015919
1988-03-01,0.01605,0.018866,0.031527,0.011003,0.013035,0.011608,0.017545,,,0.017723
1988-04-01,0.018816,0.021882,0.040511,0.013528,0.015542,0.012974,0.021088,,,0.020479
1988-05-01,0.021772,0.024511,0.045617,0.016387,0.01859,0.014856,0.026381,,,0.024661
1988-06-01,0.025684,0.029006,0.050256,0.019206,0.021574,0.016786,0.032586,,,0.029073
1988-07-01,0.032271,0.037573,0.056005,0.023776,0.026366,0.020081,0.039549,,,0.035238
1988-08-01,0.041185,0.048633,0.06464,0.030768,0.034455,0.025422,0.053029,,,0.042624
1988-09-01,0.046002,0.054751,0.071425,0.033372,0.038137,0.028729,0.05586,,,0.050208
1988-10-01,0.050138,0.06059,0.098281,0.034856,0.040578,0.031064,0.058252,,,0.052066
1988-11-01,0.053001,0.063878,0.104606,0.036747,0.042846,0.034301,0.061834,,,0.054741
1988-12-01,0.056629,0.068138,0.110423,0.038092,0.045238,0.037626,0.065857,,,0.058658
1989-01-01,0.06168,0.074805,0.115172,0.040561,0.048508,0.041853,0.071648,,,0.061895
1989-02-01,0.067596,0.082165,0.123569,0.04471,0.052894,0.045935,0.0784,,,0.068
1989-03-01,0.079091,0.097288,0.149359,0.052385,0.06289,0.052851,0.087159,,,0.07666
1989-04-01,0.105484,0.12894,0.24449,0.074926,0.097993,0.066401,0.111639,,,0.09395
1989-05-01,0.188256,0.230326,0.440385,0.127872,0.208271,0.109155,0.211812,,,0.159551
1989-06-01,0.403757,0.528124,0.870142,0.234764,0.41975,0.207837,0.480249,0.236842,0.149837,0.35395
1989-07-01,1.19768,1.526336,2.444974,0.738469,1.216885,0.602876,1.662573,0.762501,0.354133,1.005821
1989-08-01,1.651138,1.90312,3.463789,1.07849,1.735675,0.951114,2.096254,1.219727,0.708506,1.818992
1989-09-01,1.805608,2.080946,3.852086,1.152246,1.84128,1.064374,2.137006,1.406314,0.83564,2.102574
1989-10-01,1.906637,2.175204,4.258756,1.183275,1.927895,1.131114,2.201635,1.560374,0.909463,2.198015
1989-11-01,2.030931,2.316698,4.544579,1.313841,2.095909,1.204427,2.240574,1.710978,0.99226,2.26695
1989-12-01,2.844785,3.324388,6.104505,1.689102,3.033941,1.883998,3.159229,2.454965,1.172981,2.77334
1990-01-01,5.098,6.141,9.5402,2.5524,5.6009,3.7462,5.5641,4.4183,1.7036,5.3894
1990-02-01,8.2368,9.6935,14.4298,4.9704,9.474,5.6892,9.2889,6.4527,3.8398,8.7928
1990-03-01,16.1052,18.6055,30.1234,9.2203,18.6023,10.6416,18.0761,11.9992,8.7734,18.6612
1990-04-01,17.9367,18.9379,34.3733,12.4913,19.2818,12.9554,21.1849,14.3685,11.1362,22.0715
1990-05-01,20.3775,21.6296,37.472,15.3406,21.2734,14.7271,23.7833,16.746,13.4185,24.0164
1990-06-01,23.2095,25.0587,42.0501,18.0937,24.1109,16.8898,25.3798,19.8261,15.6994,25.8806
1990-07-01,25.722,27.8782,45.9463,19.4842,26.3051,19.319,27.307,23.1279,18.3423,27.5294
1990-08-01,29.6672,32.75,50.9544,22.9536,30.7788,22.5648,30.6955,26.3569,20.7204,30.5197
1990-09-01,34.3182,37.3774,59.865,26.5645,35.5843,26.7363,36.6489,30.4127,23.5166,34.9129
1990-10-01,36.9574,39.6005,65.0731,28.5103,38.4825,29.6882,38.5465,32.7069,26.0702,39.5993
1990-11-01,39.2416,41.4475,68.1853,30.5424,40.4096,32.1169,39.3686,35.4155,28.9405,45.346
1990-12-01,41.0767,43.4373,69.0433,31.8737,42.9417,34.3134,40.0639,37.2426,30.4375,48.3115
1991-01-01,44.239,46.034,71.6413,36.1836,46.9243,37.2547,43.8868,42.3608,31.3453,50.9995
1991-02-01,56.1793,57.4048,93.083,47.5055,62.8472,46.5373,59.1936,54.0634,35.4682,61.6941
1991-03-01,62.3828,61.8268,107.3415,51.6236,70.2763,51.9564,62.2744,56.2502,54.4238,70.1755
1991-04-01,65.8204,65.4014,113.7603,54.2958,72.148,54.353,62.5999,59.8484,60.6869,77.678
1991-05-01,67.6664,68.2392,116.3615,56.6542,73.4369,55.892,63.4338,60.9354,60.4142,79.5196
1991-06-01,69.7801,72.2827,117.4959,57.2913,74.9446,57.2977,64.0594,62.7042,60.4614,81.6655
1991-07-01,71.5881,74.9229,117.1249,58.5527,76.2489,58.0988,64.3605,68.1257,60.6856,83.0194
1991-08-01,72.5194,76.4951,116.0884,59.2781,77.8305,59.4826,64.6096,67.9304,61.195,83.7322
1991-09-01,73.8004,78.8837,116.6199,59.9176,78.5832,61.0068,64.737,67.6275,61.5718,86.2117
1991-10-01,74.7973,80.357,117.9929,60.2125,79.9306,62.3171,64.8311,68.1813,61.8323,87.1862
1991-11-01,75.0882,80.2167,118.5911,61.0972,80.6193,63.2096,65.0407,68.3136,61.7545,87.7693
1991-12-01,75.5757,80.167,118.5229,62.3045,80.6502,63.9977,65.1231,71.18,61.8883,88.2676
1992-01-01,77.8752,84.0348,117.9441,64.6095,81.7328,65.4464,65.4749,76.2179,61.9529,89.526
1992-02-01,79.5527,86.7344,117.1259,67.9917,82.5077,66.8363,65.4241,78.2751,62.6315,90.6094
1992-03-01,81.223,88.8893,120.1235,69.0122,85.2521,68.179,66.7364,75.1717,67.5756,92.3922
1992-04-01,82.2681,89.9149,122.9196,70.4182,86.4349,68.6354,68.7943,74.7985,68.5632,93.0336
1992-05-01,82.8218,89.4854,123.8645,71.9208,87.4133,70.1699,69.1587,76.0161,69.4608,93.6834
1992-06-01,83.4712,90.1611,124.1886,72.8833,88.5987,71.1864,69.666,75.8066,70.0351,94.0674
1992-07-01,84.9142,91.6391,123.7493,75.0781,90.2136,72.1332,70.1151,79.4218,71.4289,94.8207
1992-08-01,86.1851,93.8093,122.3232,76.9675,91.5255,73.6123,70.2961,77.1543,75.6824,95.6739
1992-09-01,87.0761,94.8775,122.6977,78.454,92.2262,74.5462,70.3655,77.1256,78.4737,95.9399
1992-10-01,88.1784,96.2281,123.4147,79.345,93.4049,75.962,71.6623,77.7183,79.2506,96.4077
1992-11-01,88.5848,95.4774,123.7624,80.7619,93.9334,77.2154,72.634,78.7487,80.7629,96.7882
1992-12-01,88.8361,95.1047,123.672,81.1819,94.5401,78.3298,72.6804,79.6595,81.4661,97.1135
1993-01-01,89.5756,95.9951,122.3453,83.1712,95.0589,79.6851,72.6917,80.5756,81.4945,97.8458
1993-02-01,90.2299,97.4551,120.6532,83.2719,95.7755,80.5429,72.7627,80.6953,82.106,98.0996
1993-03-01,90.9083,97.9225,121.5602,84.1811,96.191,81.1512,73.1434,80.3153,85.876,98.4884
1993-04-01,91.8586,99.2578,122.5976,85.1838,97.0957,82.2061,73.4995,81.0411,86.2819,99.0294
1993-05-01,93.0404,101.3805,122.6529,87.8629,97.5137,83.1352,73.7495,81.2826,86.7366,99.3402
1993-06-01,93.7096,102.5806,122.5775,88.1213,98.3219,84.0548,73.8645,81.9356,86.9545,99.076
1993-07-01,94.0111,101.2051,121.7117,88.9411,98.4773,85.0516,73.8283,88.0495,87.615,99.0374
1993-08-01,94.0261,101.3658,119.7688,88.3179,98.7538,86.1378,75.1262,85.9238,87.7876,99.2051
1993-09-01,94.801,102.6987,119.5365,88.9301,98.9023,86.9964,76.5871,85.682,88.355,99.4467
1993-10-01,95.3369,103.5672,119.698,89.9766,98.8708,87.7441,76.78,85.858,88.554,99.7545
1993-11-01,95.3914,103.1337,119.6027,91.044,99.5074,87.9885,76.7792,85.8493,88.6549,99.9793
1993-12-01,95.3789,102.7028,119.6022,91.4541,99.6696,88.395,76.4483,86.4953,88.6588,100.0895
1994-01-01,95.4749,101.6917,118.4908,91.844,99.5875,89.8342,76.3782,89.6028,88.7114,100.3285
1994-02-01,95.4715,101.2785,117.0419,92.4752,99.4819,90.2623,76.4037,90.3939,89.0317,100.5335
1994-03-01,95.6046,100.307,117.6878,92.9725,99.6343,91.0076,76.6135,89.4284,93.7893,100.7726
1994-04-01,95.8373,100.6627,118.3818,92.9411,99.5547,91.7618,76.7625,89.0365,94.1687,100.7904
1994-05-01,96.1695,100.7085,119.0161,94.4203,100.1655,92.4554,76.8427,88.7681,94.4971,101.0095
1994-06-01,96.5417,100.9945,119.0299,95.0133,100.7916,93.2998,77.0278,89.1214,94.6815,101.088
1994-07-01,97.433,101.959,118.2286,95.7419,101.1874,94.0549,77.0992,93.5622,94.8018,101.1164
1994-08-01,97.634,102.5691,117.0701,96.1663,101.2418,94.8218,78.4962,91.1136,94.8264,101.2246
1994-09-01,98.3022,103.3247,117.7841,96.4082,101.3339,95.3347,81.8459,90.5294,94.8794,101.3402
1994-10-01,98.6172,103.8441,117.8398,96.6052,101.4353,95.5234,82.0204,91.2881,94.9095,101.3892
1994-11-01,98.8402,104.3781,117.7981,97.1358,101.3819,95.5444,82.0244,91.2713,94.9945,101.3932
1994-12-01,99.0551,104.3947,117.4724,97.3302,101.5658,95.7217,82.1473,92.9204,95.0334,101.4636
1995-01-01,100.2893,106.4472,116.2719,98.0182,101.6659,95.9373,82.4297,98.126,95.1012,101.6212
1995-02-01,100.2866,106.0878,115.3719,98.2906,101.9669,96.0759,82.5402,98.7034,95.2763,101.8561
1995-03-01,99.836,104.2343,116.6683,98.5108,102.2715,96.6588,82.7812,96.1934,97.7464,102.1433
1995-04-01,100.2926,104.7366,117.4246,99.0921,102.894,97.635,83.7859,95.1976,97.8718,102.3563
1995-05-01,100.3137,104.615,117.5804,99.7868,103.1397,97.7107,83.9549,94.2539,98.092,102.596
1995-06-01,100.1071,103.9179,116.9945,100.2042,103.2487,97.7217,84.129,93.9321,98.1986,102.7318
1995-07-01,100.5132,104.1512,115.7274,100.3366,103.1299,97.7492,84.2057,97.9314,98.2291,102.9164
1995-08-01,100.2697,104.4642,114.2471,99.8954,103.1217,97.8929,84.3241,94.994,98.2327,102.9635
1995-09-01,100.4345,105.2105,114.3087,100.3531,103.0148,97.9237,84.0999,93.9646,98.1674,103.0205
1995-10-01,100.776,106.0314,114.6287,100.501,102.9289,97.9035,84.0294,94.679,98.1643,102.9287
1995-11-01,100.5458,105.5181,114.4242,100.5656,102.8005,98.0676,84.0749,94.0708,98.1347,102.7807
1995-12-01,100.6477,105.4559,113.7996,100.3446,102.6704,98.1223,84.1265,96.0063,98.1375,102.713
1996-01-01,100.9494,105.4493,112.7814,100.0567,102.5813,98.1335,84.2447,100.0339,98.1745,102.7543
1996-02-01,100.6214,104.6912,111.3994,100.1958,102.471,98.2171,84.3335,99.6677,98.1571,102.8193
1996-03-01,100.0785,103.8097,111.9196,100.0546,102.3526,98.2448,84.3058,96.2325,99.0522,102.7963
1996-04-01,100.0801,103.8543,112.3317,99.681,102.3315,98.286,84.7131,95.4999,98.8582,103.3866
1996-05-01,99.9908,103.5408,112.5698,99.9328,102.3042,98.1201,85.1538,94.2497,99.2377,104.1317
1996-06-01,99.9934,103.603,112.3877,99.9279,102.2137,98.1053,85.0267,94.4931,99.2267,104.018
1996-07-01,100.5356,104.8116,111.5428,99.848,102.2051,98.0554,84.9131,96.7563,99.2614,103.9924
1996-08-01,100.4577,105.2157,110.0484,99.9417,102.1024,97.9295,84.8363,95.6498,99.2502,103.7624
1996-09-01,100.6401,105.9875,109.9947,100.1496,102.079,98.0688,84.8734,94.6271,99.182,103.6415
1996-10-01,101.1474,105.3439,110.0811,100.2491,101.9434,98.1084,91.6761,95.0255,99.1736,103.5254
1996-11-01,100.9903,104.8741,109.9806,99.814,101.8962,98.0399,91.8835,95.4597,99.1516,103.4306
1996-12-01,100.7024,104.0139,109.6681,99.4466,101.8293,98.075,91.8682,96.0635,99.1506,103.309
1997-01-01,101.1727,104.0073,108.7274,99.2953,101.6803,98.1833,92.0733,101.78,99.144,103.1523
1997-02-01,101.5617,104.1843,107.9406,99.9793,101.5968,98.2083,95.4141,101.5122,99.1293,103.1841
1997-03-01,101.0611,103.3825,108.684,99.8956,101.4627,98.2693,95.4181,98.6196,99.2605,103.1388
1997-04-01,100.7271,102.8806,109.2056,99.8296,101.4125,98.343,95.3974,96.3454,99.4612,103.2225
1997-05-01,100.6435,102.863,109.1678,99.5777,101.3561,98.3159,95.2825,96.048,99.4172,103.1642
1997-06-01,100.8726,103.516,108.9557,99.5114,101.2579,98.7505,95.3859,95.8893,99.4189,103.0563
1997-07-01,101.0968,103.6068,108.0144,99.5737,101.2276,98.8159,95.2921,98.4366,99.5145,103.0462
1997-08-01,101.2632,104.6295,106.6096,99.4858,101.2979,99.0033,95.1584,97.3561,99.4893,102.8652
1997-09-01,101.2147,104.9446,107.194,99.216,101.1777,98.9301,95.109,95.9152,99.5174,102.823
1997-10-01,101.0561,104.6097,107.2473,98.9059,100.9867,98.8549,95.1824,96.0209,99.504,102.6217
1997-11-01,100.8608,104.1052,107.174,98.5376,101.117,98.8618,95.1408,96.1177,99.582,102.3525
1997-12-01,101.0327,104.1963,106.8318,98.5018,101.1155,98.9551,94.989,98.0177,99.5264,102.2944
1998-01-01,101.6677,104.099,105.8091,98.2357,101.1236,98.7779,97.9082,102.8661,99.5635,102.5871
1998-02-01,102.0222,104.8656,105.1091,98.3971,101.0013,98.7884,99.369,102.7917,99.5026,102.4984
1998-03-01,101.8941,105.0499,106.4746,99.7767,100.9631,98.9029,99.2183,98.941,99.4237,102.3195
1998-04-01,101.9056,105.2586,106.736,99.6967,100.9253,98.9518,98.9775,98.3002,99.5395,102.4791
1998-05-01,101.832,105.7217,106.6898,98.3741,100.865,98.8541,98.6841,97.544,99.7091,102.3814
1998-06-01,102.0264,106.2492,106.4566,98.7138,100.7794,98.9529,98.5746,97.6562,99.7827,102.2904
1998-07-01,102.3453,106.6399,105.4426,98.3622,100.7491,98.9033,98.5388,100.5631,100.0751,102.2056
1998-08-01,102.3659,107.0523,104.0501,98.3044,100.6981,98.8931,98.5277,100.2505,100.0877,102.0577
1998-09-01,102.3343,107.0302,104.4112,98.1579,100.5845,98.7949,98.5173,100.0781,100.1394,102.1629
1998-10-01,101.9599,105.9479,104.1896,98.05,100.5409,98.8807,98.575,100.0646,100.1232,102.0783
1998-11-01,101.7178,105.3282,104.0974,98.2009,100.5175,98.853,98.4403,99.7324,100.1459,102.1119
1998-12-01,101.704,104.5442,103.8004,98.244,100.3833,98.8047,98.2147,102.9621,100.1962,102.0932
1999-01-01,102.1834,103.642,102.6776,99.2104,100.0313,101.6039,98.1867,108.0571,100.2251,102.1061
1999-02-01,102.0193,102.8252,101.5538,100.4104,99.6016,102.2182,97.9951,108.5547,100.1982,102.172
1999-03-01,101.2533,102.7278,102.3978,100.2834,99.7921,99.1289,98.1416,103.543,100.4051,102.1124
1999-04-01,101.1542,103.1535,103.2523,100.0164,99.6651,99.1146,98.1691,100.729,100.5199,102.154
1999-05-01,100.6561,102.204,103.0626,99.4983,99.6,99.2601,98.2313,99.1478,100.4902,102.1607
1999-06-01,100.65,102.204,102.8162,99.5752,99.5756,99.2512,98.0402,99.4391,100.4649,102.1099
1999-07-01,100.8371,101.9165,101.4977,99.9227,99.4794,99.3311,97.887,103.037,100.5112,102.0941
1999-08-01,100.4575,101.4076,100.0565,100.1703,99.311,99.5945,97.8546,101.1291,100.4972,102.1216
1999-09-01,100.2574,101.1203,99.9921,100.136,99.1501,99.7258,97.92,100.0569,100.5088,101.9973
1999-10-01,100.2417,100.9809,100.1466,99.7217,98.9254,99.7419,98.5009,100.4301,100.5136,101.7695
1999-11-01,99.9248,99.92,100.0533,99.5121,98.7698,99.686,99.2685,100.4624,100.519,101.7271
1999-12-01,99.8627,99.2071,99.7315,99.2475,98.7587,99.6422,99.9855,102.0538,100.5805,101.662
2000-01-01,100.7068,99.3048,98.3643,99.3482,98.6433,101.1591,101.0433,108.6091,100.5583,101.7241
2000-02-01,100.7109,99.1384,97.398,99.3366,98.5889,101.4781,101.3816,109.1506,100.5654,101.5869
2000-03-01,100.1788,99.7791,98.3204,99.3157,98.4776,101.4365,101.3729,101.395,99.62,101.6679
2000-04-01,100.0661,99.4103,98.6721,99.5374,98.3835,101.4787,101.0173,101.5235,99.5857,101.7383
2000-05-01,99.6772,99.071,98.5908,100.187,98.2533,101.6112,100.7974,98.189,99.5566,101.6977
2000-06-01,99.4929,98.8162,98.1628,100.165,98.0638,101.477,100.8162,97.6944,99.5182,101.7322
2000-07-01,99.925,98.873,96.5941,100.2591,97.8058,101.4397,100.9013,101.4148,99.5398,104.3335
2000-08-01,99.71,99.1718,95.4421,100.2181,97.6824,101.3531,100.7099,99.0071,99.5185,104.4583
2000-09-01,99.5569,99.2041,95.9211,100.1751,97.3575,101.1683,100.6109,97.7022,99.5117,104.4472
2000-10-01,99.74,100.0,95.99,99.41,97.13,101.14,100.56,98.13,99.52,104.02
2000-11-01,99.25,98.71,95.39,99.28,96.8,101.22,100.97,97.32,99.54,103.43
2000-12-01,99.13,97.74,95.11,99.18,96.63,101.22,101.57,98.85,99.61,103.31
2001-01-01,99.21,97.65,91.32,99.14,96.74,101.94,101.11,102.58,99.45,103.12
2001-02-01,98.99,97.6,87.69,99.11,96.88,102.24,100.93,102.06,99.82,103.17
2001-03-01,99.18,98.19,91.29,99.23,96.96,102.45,101.81,98.31,98.41,103.39
2001-04-01,99.84,98.8,96.26,99.39,96.85,102.59,102.97,98.18,98.57,103.34
2001-05-01,99.9,98.51,96.96,100.48,97.0,102.59,103.15,97.6,98.26,103.42
2001-06-01,99.18,97.32,96.1,100.45,96.84,102.69,101.92,96.57,98.21,103.35
2001-07-01,98.86,97.26,93.12,100.51,96.56,102.61,100.3,98.35,98.27,103.11
2001-08-01,98.51,96.95,90.08,99.11,96.67,102.57,101.39,97.03,98.22,103.19
2001-09-01,98.43,96.81,91.35,98.97,96.22,102.68,101.57,96.14,97.8,103.33
2001-10-01,98.0,95.77,92.09,98.72,96.02,102.71,101.0,96.0,97.75,103.48
2001-11-01,97.68,96.01,92.28,97.68,95.8,102.45,100.4,94.59,97.67,103.32
2001-12-01,97.6,95.68,92.05,97.62,95.57,102.47,100.29,95.47,97.69,103.36
2002-01-01,99.84,97.69,90.8,98.09,99.03,102.87,103.57,103.98,97.76,104.46
2002-02-01,102.97,101.59,90.92,99.05,106.38,105.98,105.25,108.13,98.95,111.32
2002-03-01,107.05,106.9,98.65,99.86,113.76,108.45,108.13,112.98,99.45,116.88
2002-04-01,118.17,121.03,120.02,101.84,129.02,124.16,115.85,122.49,100.93,129.74
2002-05-01,122.91,127.03,126.76,103.38,134.48,129.22,119.47,128.71,102.04,135.35
2002-06-01,127.36,133.07,131.71,106.74,138.68,129.81,124.55,134.14,102.86,139.38
2002-07-01,131.42,138.55,134.92,107.09,142.84,130.89,128.09,143.65,103.52,146.23
2002-08-01,134.5,145.0,135.1,110.68,144.34,131.98,130.26,143.1,103.86,147.4
2002-09-01,136.31,149.18,140.89,110.67,144.48,132.42,131.58,143.29,104.17,145.25
2002-10-01,136.61,148.71,145.97,110.69,145.2,132.48,131.96,144.62,104.34,143.83
2002-11-01,137.31,150.23,146.92,110.59,146.86,131.85,132.49,144.76,104.44,144.59
2002-12-01,137.57,151.12,146.11,110.38,147.4,131.04,131.72,147.07,104.29,145.25
2003-01-01,139.38,153.46,142.86,111.82,148.23,132.94,133.01,154.14,104.45,144.94
2003-02-01,140.17,155.3,141.76,112.53,149.21,133.9,133.68,152.47,103.97,146.52
2003-03-01,140.99,157.16,149.55,113.15,149.31,134.69,133.3,148.96,104.87,146.51
2003-04-01,141.07,156.76,156.05,113.17,149.36,134.66,133.26,148.06,104.78,145.41
2003-05-01,140.52,155.24,157.38,113.17,149.1,134.29,132.87,147.99,104.95,145.04
2003-06-01,140.4,154.03,157.19,115.48,148.73,134.46,132.97,147.96,105.08,144.25
2003-07-01,141.03,154.08,153.85,115.44,148.46,134.62,132.96,153.54,105.4,150.82
2003-08-01,141.06,154.84,150.67,115.32,148.67,134.49,132.95,150.68,105.81,155.55
2003-09-01,141.12,155.41,154.46,115.18,148.05,134.38,132.69,148.6,105.9,154.85
2003-10-01,141.95,157.7,156.9,115.31,147.98,134.39,132.56,148.53,106.49,154.42
2003-11-01,142.3,158.61,156.89,115.31,147.54,134.73,132.69,148.86,106.67,154.47
2003-12-01,142.6,158.18,156.91,115.41,147.65,135.05,132.73,153.42,106.53,154.19
2004-01-01,143.2,158.78,151.96,115.5,148.08,135.66,132.85,159.39,106.54,154.8
2004-02-01,143.34,159.34,148.74,116.45,148.04,136.24,133.14,158.66,106.15,154.62
2004-03-01,144.2,159.96,158.92,116.86,149.2,139.1,133.5,152.3,108.26,157.26
2004-04-01,145.43,161.45,162.89,117.34,150.24,139.12,134.18,154.3,109.18,159.63
2004-05-01,146.3,162.96,164.8,119.89,150.95,139.84,134.72,152.8,110.13,160.69
2004-06-01,147.32,164.08,165.39,120.12,151.77,140.3,135.08,154.72,110.23,162.69
2004-07-01,148.0,163.58,162.48,120.31,152.01,140.46,135.17,163.1,110.67,166.56
2004-08-01,148.51,165.61,160.07,120.6,152.98,141.01,135.74,160.15,111.37,165.89
2004-09-01,149.45,166.72,167.41,121.05,153.81,141.1,135.84,159.79,113.1,166.56
2004-10-01,150.04,167.04,170.79,121.32,154.27,141.68,136.15,161.32,113.84,165.97
2004-11-01,150.04,166.67,171.56,121.31,155.27,142.09,136.11,160.77,114.19,166.34
2004-12-01,151.3,167.76,172.19,121.51,156.14,142.46,136.43,165.87,114.27,172.25
2005-01-01,153.54,168.95,168.85,124.23,157.83,145.46,137.7,175.44,114.19,177.9
2005-02-01,155.0,171.98,166.2,126.74,159.39,147.16,138.07,175.24,114.35,177.78
2005-03-01,157.39,176.55,175.66,127.22,161.24,148.13,139.26,171.32,121.17,178.94
2005-04-01,158.16,177.2,181.78,127.5,163.28,148.34,140.04,169.31,123.13,179.43
2005-05-01,159.11,177.56,183.6,130.41,163.85,149.31,140.95,168.58,126.03,179.99
2005-06-01,160.57,178.94,183.88,135.81,164.56,149.38,141.62,169.36,127.07,181.09
2005-07-01,162.18,181.02,178.64,138.29,165.14,150.2,142.62,175.97,127.65,181.79
2005-08-01,162.89,183.59,176.32,139.27,166.07,150.66,143.67,170.93,128.33,182.36
2005-09-01,164.79,188.22,184.24,137.56,167.01,151.74,144.13,170.15,129.01,183.31
2005-10-01,166.07,188.59,191.25,138.34,168.03,153.22,144.69,173.11,131.15,184.52
2005-11-01,168.08,192.64,193.91,139.02,168.75,154.72,145.17,174.82,132.5,185.12
2005-12-01,169.95,194.1,195.05,139.64,170.42,158.81,146.67,181.42,132.23,184.52
2006-01-01,172.12,195.8,190.52,140.7,171.39,161.36,148.03,194.4,132.34,185.09
2006-02-01,172.8,197.7,186.54,141.27,172.8,162.94,148.52,192.55,132.79,185.74
2006-03-01,174.88,200.71,197.86,142.15,174.29,163.95,149.68,186.52,145.46,186.65
2006-04-01,176.58,201.69,208.77,143.64,175.61,164.81,150.32,189.24,146.43,188.43
2006-05-01,177.41,201.05,213.21,146.79,176.95,166.09,151.14,188.51,148.29,189.07
2006-06-01,178.27,202.14,213.68,147.97,178.17,166.48,151.65,189.33,148.58,190.32
2006-07-01,179.37,202.17,207.66,151.65,179.07,166.73,152.18,195.12,154.5,190.57
2006-08-01,180.38,203.71,205.92,152.53,179.98,169.09,152.79,193.49,158.98,191.87
2006-09-01,182.0,205.34,217.7,153.22,180.7,169.26,153.68,194.85,160.05,192.73
2006-10-01,183.56,207.94,221.77,153.66,182.49,169.84,154.33,196.92,159.51,193.55
2006-11-01,184.86,210.77,222.83,154.1,183.32,170.79,155.06,197.01,159.31,194.19
2006-12-01,186.67,214.52,223.45,154.71,184.67,171.23,155.55,200.86,158.54,194.45
2007-01-01,188.81,218.58,217.9,155.86,186.06,173.78,156.66,204.52,158.98,197.57
2007-02-01,189.38,220.2,214.81,156.75,188.5,172.79,157.33,202.94,159.48,198.76
2007-03-01,190.83,222.73,224.45,157.94,190.59,174.01,158.11,196.74,161.96,199.89
2007-04-01,192.25,224.23,230.08,159.98,191.92,175.65,158.69,195.03,165.52,200.99
2007-05-01,193.05,224.55,233.92,160.84,192.58,176.52,159.59,195.54,166.42,201.7
2007-06-01,193.9,225.05,234.15,161.6,194.15,177.1,160.31,196.94,167.44,204.86
2007-07-01,194.87,226.05,226.67,162.57,196.35,178.0,162.04,198.78,171.05,206.53
2007-08-01,196.01,228.85,220.71,164.19,196.4,180.4,163.23,196.48,173.87,206.67
2007-09-01,197.58,230.55,221.16,165.62,199.84,181.5,164.79,197.6,174.81,208.89
2007-10-01,198.93,231.78,221.98,166.85,202.28,182.27,166.51,199.0,176.19,210.18
2007-11-01,200.63,231.96,225.06,168.3,203.45,184.03,171.08,200.76,176.82,212.26
2007-12-01,202.49,232.97,227.01,169.69,200.4,190.56,172.32,205.52,177.11,216.26
2008-01-01,204.37,234.5,222.28,171.95,201.06,192.97,175.61,210.57,178.09,217.2
2008-02-01,205.33,237.16,216.23,173.58,202.5,193.8,175.1,210.79,179.63,218.4
2008-03-01,207.65,239.85,216.73,174.79,204.08,195.4,176.27,213.21,193.26,219.74
2008-04-01,209.37,241.61,220.2,177.23,204.29,196.54,177.96,214.92,193.72,221.98
