indice_tiempo,ipc_alimentos_bebidas_no_alcoholicas_nacional,ipc_bebidas_alcoholicas_tabaco_nacional,ipc_prendas_vestir_calzado_nacional,ipc_vivienda_agua_electricidad_combustibles_nacional,ipc_equipamiento_mantenimientos_hogar_nacional,ipc_salud_nacional,ipc_transporte_nacional,ipc_comunicaciones_nacional,ipc_recreacion_cultura_nacional,ipc_educacion_nacional,ipc_restaurantes_hoteles_nacional,ipc_bienes_servicios_varios_nacional,ipc_alimentos_bebidas_no_alcoholicas_gba,ipc_bebidas_alcoholicas_tabaco_gba,ipc_prendas_vestir_calzado_gba,ipc_vivienda_agua_electricidad_combustibles_gba,ipc_equipamiento_mantenimientos_hogar_gba,ipc_salud_gba,ipc_transporte_gba,ipc_comunicaciones_gba,ipc_recreacion_cultura_gba,ipc_educacion_gba,ipc_restaurantes_hoteles_gba,ipc_bienes_servicios_varios_gba,ipc_alimentos_bebidas_no_alcoholicas_pampeana,ipc_bebidas_alcoholicas_tabaco_pampeana,ipc_prendas_vestir_calzado_pampeana,ipc_vivienda_agua_electricidad_combustibles_pampeana,ipc_equipamiento_mantenimientos_hogar_pampeana,ipc_salud_pampeana,ipc_transporte_pampeana,ipc_comunicaciones_pampeana,ipc_recreacion_cultura_pampeana,ipc_educacion_pampeana,ipc_restaurantes_hoteles_pampeana,ipc_bienes_servicios_varios_pampeana,ipc_alimentos_bebidas_no_alcoholicas_nea,ipc_bebidas_alcoholicas_tabaco_nea,ipc_prendas_vestir_calzado_nea,ipc_vivienda_agua_electricidad_combustibles_nea,ipc_equipamiento_mantenimientos_hogar_nea,ipc_salud_nea,ipc_transporte_nea,ipc_comunicaciones_nea,ipc_recreacion_cultura_nea,ipc_educacion_nea,ipc_restaurantes_hoteles_nea,ipc_bienes_servicios_varios_nea,ipc_alimentos_bebidas_no_alcoholicas_noa,ipc_bebidas_alcoholicas_tabaco_noa,ipc_prendas_vestir_calzado_noa,ipc_vivienda_agua_electricidad_combustibles_noa,ipc_equipamiento_mantenimientos_hogar_noa,ipc_salud_noa,ipc_transporte_noa,ipc_comunicaciones_noa,ipc_recreacion_cultura_noa,ipc_educacion_noa,ipc_restaurantes_hoteles_noa,ipc_bienes_servicios_varios_noa,ipc_alimentos_bebidas_no_alcoholicas_cuyo,ipc_bebidas_alcoholicas_tabaco_cuyo,ipc_prendas_vestir_calzado_cuyo,ipc_vivienda_agua_electricidad_combustibles_cuyo,ipc_equipamiento_mantenimientos_hogar_cuyo,ipc_salud_cuyo,ipc_transporte_cuyo,ipc_comunicaciones_cuyo,ipc_recreacion_cultura_cuyo,ipc_educacion_cuyo,ipc_restaurantes_hoteles_cuyo,ipc_bienes_servicios_varios_cuyo,ipc_alimentos_bebidas_no_alcoholicas_patagonia,ipc_bebidas_alcoholicas_tabaco_patagonia,ipc_prendas_vestir_calzado_patagonia,ipc_vivienda_agua_electricidad_combustibles_patagonia,ipc_equipamiento_mantenimientos_hogar_patagonia,ipc_salud_patagonia,ipc_transporte_patagonia,ipc_comunicaciones_patagonia,ipc_recreacion_cultura_patagonia,ipc_educacion_patagonia,ipc_restaurantes_hoteles_patagonia,ipc_bienes_servicios_varios_patagonia
2016-12-01,100.0,100.0,100.0,100.0,100.0,100.0,100.0,100.0,100.0,100.0,100.0,100.0,100.0,100.0,100.0,100.0,100.0,100.0,100.0,100.0,100.0,100.0,100.0,100.0,100.0,100.0,100.0,100.0,100.0,100.0,100.0,100.0,100.0,100.0,100.0,100.0,100.0,100.0,100.0,100.0,100.0,100.0,100.0,100.0,100.0,100.0,100.0,100.0,100.0,100.0,100.0,100.0,100.0,100.0,100.0,100.0,100.0,100.0,100.0,100.0,100.0,100.0,100.0,100.0,100.0,100.0,100.0,100.0,100.0,100.0,100.0,100.0,100.0,100.0,100.0,100.0,100.0,100.0,100.0,100.0,100.0,100.0,100.0,100.0
2017-01-01,101.3024,100.925,99.0066,101.4784,100.8773,102.3501,102.0755,103.0516,103.1906,100.7952,103.1002,101.9345,101.3069,100.5008,97.8719,99.9812,100.8651,101.3559,101.7583,103.8174,103.243,100.4869,103.2868,102.117,101.3185,101.3123,99.6481,102.225,100.8374,103.1538,102.4339,102.0782,103.5814,100.3682,103.1259,101.5745,101.7326,100.7754,100.2847,101.394,101.4132,102.5966,100.3463,102.7252,103.633,101.6601,104.2939,102.0562,101.0322,101.3444,100.483,101.5904,100.4121,102.7132,102.928,104.1098,103.4112,100.5123,102.48,102.0385,101.4532,101.3446,99.8901,102.9333,101.2098,103.1395,102.6271,102.7973,101.494,100.0,101.8587,102.0274,100.9464,101.1901,100.9137,110.3184,101.0684,104.7253,102.4768,101.6649,100.9612,106.9917,102.2654,102.4839
2017-02-01,103.1605,105.2395,98.8523,107.0014,101.3278,105.0852,103.9957,107.2514,103.7961,103.9808,104.8886,103.7951,103.1646,105.4806,97.4253,108.4042,101.2178,104.6961,103.5441,108.0484,103.3096,104.936,105.1373,104.1416,103.0905,105.2329,99.9319,104.5783,101.5404,105.4773,104.4485,106.7706,104.5173,102.0178,104.4851,103.518,103.3712,104.2784,100.4291,103.9854,101.7747,105.2343,101.2812,107.0976,105.6846,109.7825,108.3164,103.2166,103.8789,105.4591,100.4131,107.6923,100.6545,104.0851,105.5673,107.0784,103.4842,102.8592,103.3877,103.5259,103.2726,103.6784,97.6569,106.7382,101.4084,105.4921,105.0294,105.0927,103.0695,102.6468,103.7947,103.145,102.2499,105.356,102.3756,112.0198,101.2819,107.0073,104.4111,105.7368,102.5319,106.687,105.6675,104.2815
2017-03-01,106.0143,107.2901,102.255,110.8463,102.1787,107.1422,105.2177,110.6933,105.5114,115.3409,105.9567,105.6633,106.7878,107.1121,102.0665,110.7756,102.1399,106.6572,104.5685,110.6652,104.8017,111.9338,106.1813,105.5869,105.4796,107.7278,102.397,107.7477,102.0686,107.4786,105.7104,110.9914,106.5045,114.7719,105.6069,105.8309,105.0298,106.3092,103.2313,113.2471,103.1742,107.6407,102.3716,110.7662,105.7406,123.958,110.4746,104.5375,105.9988,107.1161,102.2209,121.3727,102.0194,107.044,106.4422,113.163,105.1461,130.753,105.0341,105.685,105.6107,107.6177,99.9659,111.8642,102.4367,107.5537,107.7578,108.0971,105.7508,112.7186,104.0537,105.5914,103.9781,106.5579,104.7865,115.3729,102.3074,108.7254,106.3107,107.843,105.026,123.3177,105.4631,106.397
2017-04-01,108.3515,109.8338,106.8806,117.4108,103.3147,109.052,105.8674,118.2686,108.2881,118.6783,107.9795,107.5442,109.2144,109.5812,107.2381,115.889,103.1802,108.1913,105.0876,118.2386,108.3531,116.2786,108.3494,107.5817,107.6223,110.2615,107.7653,115.7988,103.234,109.6556,106.4751,118.1294,108.1603,116.8585,107.5143,107.5104,107.9352,109.4168,103.2573,116.5835,104.9504,110.3274,102.8986,120.0581,109.1455,125.2085,110.876,107.7262,108.3813,109.2687,105.8574,131.8395,103.1266,109.2143,106.9891,120.6617,107.7095,131.7883,107.1572,106.9473,108.662,110.4164,103.6297,122.532,103.4704,109.9679,108.5852,117.3494,108.008,123.0399,106.7437,106.9862,105.4772,109.665,105.76,119.3459,103.6556,110.6841,107.5492,115.2587,108.9559,123.6835,107.6891,108.838
2017-05-01,109.7631,111.7182,108.726,119.5207,106.1577,110.7256,106.8575,118.6553,109.0808,120.69,109.5541,108.9336,110.3615,111.639,107.9072,118.0458,106.2886,109.7879,106.2149,118.1821,109.3191,118.5362,109.4833,109.0808,109.1784,111.9322,110.8815,117.1786,105.9881,111.3292,107.2349,119.2354,107.9732,119.0889,109.6488,108.5852,109.8801,111.5329,107.3624,117.776,106.8457,112.6649,104.8915,120.4868,109.7089,125.2085,114.1092,110.1254,109.5925,111.2548,107.8263,135.6425,106.0504,110.9083,108.233,120.8609,108.8826,133.0204,109.0168,108.1839,110.5564,111.7646,105.7716,126.0123,105.9601,111.5318,109.0421,117.3533,110.9068,125.9261,107.5511,109.1074,107.5956,111.7105,106.9611,123.2025,105.8478,112.5553,108.0742,115.391,112.5688,123.8872,107.9996,109.8555
2017-06-01,110.7483,112.4572,109.6911,121.6359,107.4904,112.3558,107.5925,120.1049,111.6195,121.8757,110.9475,110.3729,111.7923,112.1628,108.5621,120.9192,107.7485,111.1892,106.5466,120.4465,112.5701,119.4016,111.3293,110.1832,109.7297,112.7727,112.0058,118.5639,107.3324,113.0929,108.0181,120.1817,109.8691,121.308,110.8486,110.4629,111.3432,114.2932,107.6865,120.8334,107.4653,114.5041,106.5643,120.8067,112.3574,125.4614,114.7012,112.9007,110.239,111.5999,110.9264,136.4026,106.5386,112.6816,109.1964,121.8266,110.3471,133.4391,109.398,108.4948,111.1791,112.0463,105.7636,127.1536,107.3218,113.7365,111.879,117.0591,112.7822,125.956,108.7289,110.2463,107.9237,112.9921,108.3356,124.7449,107.8202,114.4315,108.9388,116.2683,115.3037,124.1271,109.1265,111.9854
2017-07-01,112.0115,115.794,108.3524,124.0879,110.0984,116.0848,109.9058,121.2281,115.609,122.8868,113.777,111.8348,113.1579,115.9318,106.5553,123.9173,110.4314,114.9895,108.0683,121.0689,116.1042,120.2404,114.0646,111.7819,111.0117,115.9517,110.8592,120.4739,110.0163,117.2026,111.0984,122.0774,115.2982,122.3166,114.3545,112.0335,112.1396,117.5087,107.3429,122.6814,109.8963,116.3472,110.6746,121.6829,114.8339,126.8147,114.911,113.985,111.3233,113.8749,110.601,138.6344,109.3629,116.0536,112.3778,121.6774,113.0802,135.338,111.2471,109.4154,112.524,114.6441,105.7652,128.3865,109.2936,117.285,112.9427,119.8053,115.2405,127.1536,111.3908,111.4859,108.7052,115.8682,108.0861,127.5967,109.7282,117.2278,112.1956,117.0195,118.2348,124.9513,112.1018,112.7634
2017-08-01,114.3467,117.3256,107.6769,126.7648,111.1513,119.0025,111.0994,123.052,116.3997,125.3185,114.5928,113.6021,115.6549,117.4477,105.6182,127.1644,111.5098,118.3191,109.2582,123.3833,116.1082,121.9879,115.0985,113.4518,113.4677,117.2003,110.16,122.5117,111.202,119.859,112.3391,123.1496,116.041,126.2009,114.7535,113.5919,113.6752,119.621,106.0912,125.24,110.2027,119.303,111.5878,122.6999,118.114,128.4191,114.8047,117.2701,112.7874,116.0454,110.3081,139.6986,110.1396,118.4669,113.7116,124.5091,116.6181,137.384,112.9072,111.4284,115.0058,116.9571,105.0935,131.3004,110.3561,119.5298,113.4674,121.3918,116.5243,128.5598,112.212,113.3637,110.5112,117.2341,110.2047,131.1214,110.7126,119.4044,113.9424,119.0533,119.7007,126.1421,113.6027,114.9677
2017-09-01,116.4048,118.1383,111.7682,129.2656,112.2879,121.8977,111.9943,124.3454,119.536,129.9791,116.2141,115.4941,117.8695,118.2786,111.8326,128.2415,112.5568,121.1943,110.258,124.5391,120.017,128.2949,116.4971,115.5821,115.1672,118.0307,112.9665,127.7062,112.4815,122.7381,112.9931,124.8701,118.8879,130.4372,116.7469,115.5247,115.5282,120.8207,108.3729,126.0757,111.002,121.3068,112.4219,123.532,119.7391,130.8278,115.1332,118.3978,115.8514,116.804,111.707,141.2223,111.3973,120.7606,114.5102,125.999,118.2457,139.22,114.7894,113.2292,117.1654,117.5981,107.9364,132.9221,111.9858,123.3663,114.6184,121.5069,119.604,129.2793,114.3078,113.6678,112.3235,117.6412,110.1829,133.0531,111.2591,123.4031,115.474,120.0112,121.4033,128.8272,114.9091,116.989
2017-10-01,118.1646,121.695,114.138,130.4139,113.0973,123.2121,113.4318,130.9342,121.032,131.0253,117.834,117.0803,119.695,122.1014,113.6026,128.9128,113.4367,122.1487,111.165,130.4597,120.605,129.2551,118.4669,117.3347,116.7037,121.4659,116.2626,129.1378,113.1813,124.2652,114.894,132.3484,121.2011,131.5242,118.1844,117.0075,117.3227,124.096,109.2453,127.2673,112.0223,122.9813,114.7539,129.6928,121.6468,133.2249,115.6492,119.5804,118.0512,120.004,115.1964,142.4805,112.4689,122.3932,115.9691,132.5952,120.1608,139.6695,117.2603,114.7045,119.1286,121.0022,110.3406,134.6046,112.3966,125.8797,116.8203,127.7813,122.6707,131.1752,113.5111,116.0149,114.195,120.4857,111.3727,136.4261,112.0466,124.5727,117.1844,127.3895,122.6976,129.2188,117.1003,117.4246
2017-11-01,119.5688,123.0467,115.6644,132.0294,114.1215,124.8225,116.8496,131.8833,121.8725,131.4832,119.9896,118.5168,120.909,123.4181,114.8528,130.1608,114.2362,123.5655,114.133,131.1853,120.7139,129.7823,120.4916,118.7033,118.319,122.9479,118.2047,130.8879,114.5049,126.1285,118.8746,133.3326,122.7223,131.9256,120.6172,118.7008,119.117,125.5617,111.6844,129.5474,112.8144,124.4777,118.3001,130.2373,121.8421,133.2249,117.6072,120.5569,119.1339,120.8879,116.9432,144.0943,113.6152,123.9231,119.1704,134.3713,123.0569,139.7915,118.1633,116.2012,120.7283,122.3994,110.2628,138.7605,113.631,127.5262,120.2882,129.5342,122.97,132.6018,117.3295,116.8118,115.737,121.7447,113.1277,137.5471,112.8317,126.4441,121.2482,128.5295,123.7168,129.28,118.6553,118.7065
2017-12-01,120.36,123.7178,116.6315,155.5929,117.436,127.7938,120.6253,134.1367,122.7547,131.4716,122.136,119.8176,121.5528,124.1072,115.6853,154.7145,117.6715,127.1571,117.4772,134.1889,121.4988,129.748,122.6855,119.6537,119.059,123.6549,119.1462,156.3938,117.9903,128.9645,122.863,135.3074,123.5623,131.9334,122.8606,120.2036,120.4544,126.1257,113.2348,142.9635,115.0816,125.7386,121.8522,130.9961,123.0341,133.36,119.8308,121.3574,120.5958,121.4554,117.8076,163.7299,116.4857,125.5999,122.9612,135.2912,124.7331,139.7306,118.6132,117.4346,121.4185,122.8733,111.7244,165.1175,116.5744,130.2173,125.0211,131.9562,123.6886,132.6405,119.8785,119.5664,116.9033,122.4634,114.6141,148.7892,115.8671,128.1483,127.0849,128.7291,124.5201,129.2407,121.7159,120.8962
2018-01-01,122.8752,126.558,115.7454,157.216,118.6538,130.037,123.2423,136.6524,127.0012,132.3079,125.7038,122.7189,124.7282,126.72,113.6271,152.2688,119.0239,129.5154,119.9686,136.6736,126.2139,129.8915,126.6387,123.6102,121.3325,126.8616,119.3271,160.0429,119.0718,131.1694,125.0926,137.9953,127.6349,133.4515,126.1637,122.4357,122.2391,128.6477,114.0396,150.8653,115.7603,127.9916,125.8222,134.3457,126.1201,135.1629,121.1752,122.9868,122.4465,124.366,117.4853,170.9317,118.1949,127.5567,125.4409,139.219,128.4646,140.5603,122.2644,119.4494,122.1729,125.5126,111.3325,168.0202,117.1258,132.2434,130.1204,132.6422,126.5053,134.8449,123.6989,120.7685,118.4986,125.2117,114.249,163.279,117.3558,130.1754,129.8992,129.3685,129.179,129.5386,125.4157,123.1726
2018-02-01,125.5566,128.7394,115.036,163.1754,120.7253,133.0853,128.7666,149.113,128.2519,134.8324,128.3425,124.8704,127.7802,128.8967,112.9568,159.7757,121.135,133.0564,125.3874,147.1762,126.5606,131.8309,128.916,125.3827,123.6952,128.9811,118.033,165.2768,121.165,134.027,130.8695,152.9115,129.7844,137.4766,128.549,125.1645,124.745,130.937,112.5759,156.3803,117.5562,130.8022,129.3279,146.6641,127.2774,138.1402,124.5937,125.2907,124.6618,126.9426,116.7573,174.9795,120.0469,129.6688,131.4907,154.765,129.8506,140.9524,125.1444,121.4153,124.8639,127.7143,113.2231,171.2547,119.4672,134.2943,136.5915,143.8904,128.8322,134.8449,129.9498,122.478,120.8223,127.1764,115.3175,164.2805,119.1917,132.4289,134.6826,139.867,131.1237,132.6279,128.1766,125.3071
2018-03-01,128.469,129.6226,120.0687,164.1018,126.1821,134.821,131.0603,153.2069,129.8108,153.4357,130.5949,127.1891,130.2899,129.7445,120.665,161.3686,126.9603,134.3951,127.0591,150.5486,128.1069,151.1936,130.7344,128.3929,126.885,129.9027,121.4585,163.5169,126.5696,135.8143,133.3014,157.7418,130.4765,151.88,130.4066,126.9762,127.8202,131.8207,113.4136,158.1823,121.6517,133.2952,134.3939,150.5669,129.8517,164.069,127.4808,126.0938,128.4881,127.5225,118.1545,178.9125,124.6761,131.9262,136.6204,159.8844,135.5034,169.1288,128.4243,123.0472,128.3797,128.9019,115.0064,172.4761,124.5471,136.7567,137.8387,148.6409,128.7396,148.6082,133.8828,124.5802,123.3872,128.2198,119.375,172.2264,124.5389,135.4428,136.6484,143.5597,133.9383,157.6961,133.493,127.5974
2018-04-01,129.9559,131.2858,124.9254,177.2462,127.7561,137.2231,136.3269,154.7928,132.3056,154.6926,133.5827,129.3332,131.3352,131.1986,124.603,172.2109,128.378,136.3736,133.7633,151.5764,130.8525,152.0724,133.5964,130.1922,128.5288,131.7559,127.8707,177.5987,128.1799,138.5342,137.4807,159.7317,132.5952,152.3955,134.0968,129.5735,130.156,133.9773,115.7987,174.4149,123.2459,135.8129,138.0523,154.3117,131.2139,164.9556,129.0431,128.0969,129.8796,129.0775,123.2706,199.3067,126.091,134.3024,140.0829,164.0095,139.4962,171.5843,130.6261,125.4644,130.6871,130.5132,119.4644,192.6066,125.9871,140.0968,142.3967,148.5419,131.4541,157.8711,135.7439,126.4113,126.3535,130.2582,124.3517,181.6787,127.7007,138.6275,140.1173,143.6053,135.4028,157.5463,136.3142,129.7781
2018-05-01,134.2019,133.4078,127.3628,175.9498,130.576,140.2549,138.9243,160.8721,135.6359,156.0746,136.7886,131.8763,136.169,133.0263,126.7286,170.0052,131.3665,139.4698,136.4371,157.0028,133.4245,152.5495,136.359,132.2034,132.2808,133.9158,130.9079,175.9514,130.806,141.2139,139.6625,167.5772,137.2793,155.4438,138.4391,132.6791,134.6723,137.3547,118.8979,176.355,125.3505,139.2183,140.3248,158.7191,134.9106,165.3649,132.6337,130.6259,133.6202,131.3504,126.7907,202.7461,128.5875,138.2753,143.1119,169.8319,140.453,172.2076,132.4006,128.1681,134.4059,133.1407,119.8026,192.1193,129.6516,142.2541,145.518,152.3378,134.717,158.4645,137.7982,129.5548,129.6518,132.9564,125.4955,181.6514,130.5858,142.8435,144.1365,147.6632,139.329,158.6671,138.3012,132.3564
2018-06-01,141.151,134.6168,129.8016,180.6206,135.829,146.2916,147.1719,161.4822,140.1805,157.9789,140.423,136.0669,142.6321,134.4741,129.4344,176.5691,136.5173,146.1936,145.3092,157.3577,138.5918,154.778,140.6163,135.9377,140.004,134.8406,133.5153,178.9518,136.3065,146.6442,147.8952,168.2496,141.4559,157.6552,141.3371,137.1062,140.0188,138.7759,120.5296,179.7354,129.7316,146.7479,146.6386,159.8092,137.1451,166.1356,136.1575,135.1353,140.8608,132.5093,128.8026,206.5979,132.978,142.526,149.8176,170.7499,142.8296,173.216,135.7591,132.4473,142.5023,134.3355,120.6733,195.2993,135.44,147.5675,151.9012,153.1673,139.9474,159.464,142.0747,134.6179,135.4639,133.8452,127.315,182.4656,136.551,148.4642,152.3795,149.1522,145.4526,158.7554,141.3167,137.783
2018-07-01,146.7848,138.1218,129.6084,182.4306,141.5414,150.399,154.8231,162.4498,147.2814,160.7826,144.436,141.4245,148.2702,138.0029,128.5779,176.5774,142.4208,149.7694,151.5932,158.0181,145.2476,158.2487,144.8046,141.7807,145.5552,138.134,133.0314,182.821,141.9281,151.367,156.527,169.1785,149.83,159.9452,144.7343,142.2893,145.3461,142.7192,122.1503,182.4848,134.442,150.924,158.0892,161.5288,141.8834,167.5365,139.4626,140.7472,146.8812,136.26,130.7871,208.6886,138.6219,147.5126,157.565,172.4652,148.015,176.4408,141.6122,137.3584,148.5976,138.0368,123.9204,198.1353,140.6677,151.8435,160.566,155.1623,147.2062,161.1032,148.0265,138.5137,140.8969,137.686,126.7048,185.9403,142.7558,151.7314,161.9744,150.4334,152.5269,160.7528,143.9418,141.7763
2018-08-01,152.6743,139.9915,130.051,193.6678,145.9741,156.5273,161.083,182.6004,152.1489,163.8623,147.9425,148.3437,153.4382,139.4902,129.5497,191.835,146.89,157.345,156.6031,182.2124,147.2747,161.3912,148.3622,149.6257,151.7748,140.4019,132.7228,188.6791,146.0566,156.5533,163.9694,187.5521,159.1987,163.4399,148.162,148.8978,152.0884,145.3045,123.1921,192.8235,138.6768,155.4327,165.6958,175.6737,144.7698,169.9057,144.8913,147.3871,154.6288,138.154,130.5862,221.8472,143.0701,151.8923,164.7258,187.4043,152.724,179.7461,145.0923,141.859,154.9999,139.7275,123.3924,210.2986,145.0621,156.379,166.3646,169.1194,150.852,163.1951,149.4386,143.3848,147.1334,139.7977,129.0016,190.7651,149.2867,156.336,170.3602,164.3885,155.0644,161.773,148.0441,148.3679
2018-09-01,163.3911,146.1856,142.776,198.1079,160.1563,163.6215,177.8431,186.4637,162.4851,166.5346,156.4246,160.1018,164.5645,145.5596,146.5657,193.24,161.5882,164.1223,173.2611,184.712,159.1452,165.0215,157.6511,160.8222,161.948,146.7117,142.2806,195.1555,160.174,163.7395,181.3792,193.4102,167.697,165.7987,155.0753,161.3901,162.909,152.2189,134.4209,204.4885,151.6346,165.3278,183.3163,179.7385,154.8696,170.52,154.3553,158.2312,164.2676,144.3008,138.298,227.8709,156.7015,158.6412,177.6333,193.1104,163.0662,181.3743,155.5604,154.2717,167.8127,145.9448,133.5995,215.5648,158.9075,163.5893,181.2983,171.874,161.8549,163.5566,159.5595,156.0776,157.1099,145.6936,134.8023,202.4343,161.4542,163.4901,190.5553,165.2684,163.6524,163.5234,154.6773,158.9233
2018-10-01,173.0007,149.5775,149.9773,215.507,167.0385,172.5763,191.3913,187.8155,166.9487,170.0009,161.2576,170.0438,174.56,149.2238,153.6809,206.9187,167.8866,173.6915,185.6149,185.1122,162.6265,169.7671,161.7351,170.4386,171.2505,150.0031,149.8879,218.0387,167.0118,172.674,196.1236,195.6938,172.0563,168.1978,161.0543,171.9833,172.2949,155.2388,140.3176,209.1222,161.9696,172.832,196.3142,181.4012,162.8641,170.8742,158.1967,166.5727,173.28,147.8654,146.3604,244.4193,164.1919,165.7829,192.0253,195.9535,170.2379,181.6726,161.1613,163.5088,177.5769,148.6378,140.163,242.5578,166.6301,172.2539,195.9404,172.5153,165.6811,172.2686,162.0631,166.0309,166.211,148.0798,140.5762,222.3365,168.9205,170.8997,205.6491,167.362,171.4655,164.2507,160.5205,169.9279
2018-11-01,178.8975,156.5108,153.444,220.0981,172.9721,182.333,196.5066,193.5208,171.6321,171.9664,165.4071,177.5239,180.0567,156.5632,156.2891,208.9736,173.9992,179.6549,191.1071,193.5709,169.4774,171.616,166.2958,176.4477,177.6179,156.322,153.9065,224.9244,172.4492,184.5928,200.7638,198.4437,173.7831,169.9212,165.156,179.9777,177.6708,161.3845,141.9929,211.4944,168.5075,186.2175,201.8416,184.9453,168.0632,170.9691,161.9729,176.0116,178.2957,155.4065,150.4737,250.5666,169.2621,180.5965,197.2996,200.2283,174.4732,187.1826,165.0404,172.3096,183.2772,155.4498,145.9065,250.7215,172.878,188.4368,200.6144,178.8212,171.4417,174.7515,163.5131,176.1889,174.5048,155.6366,146.6829,233.0847,177.113,184.3437,210.2431,171.2789,176.0567,164.7983,164.9491,180.8183
2018-12-01,181.9359,158.6722,155.1797,226.6993,176.1826,191.9052,201.2271,208.333,176.0803,173.7237,169.794,183.608,182.9765,158.6651,156.8619,218.8376,176.638,190.5132,197.0384,206.5853,173.7047,175.1903,170.1262,182.4813,180.6976,158.4377,156.5489,228.7319,176.2287,193.375,202.7961,215.7786,178.1554,169.9419,170.0824,185.6412,181.7402,163.7105,145.4163,213.6807,170.3138,193.114,208.2355,198.6506,173.689,172.9721,164.0146,183.9738,181.8631,157.4922,151.8788,253.9186,172.3881,187.5983,203.0743,215.1189,179.6701,187.5955,169.4739,177.6564,184.8872,158.2336,149.7356,254.8493,177.6481,196.2615,208.5803,194.6626,176.5207,175.2663,169.6335,181.5474,178.1426,157.9512,149.5705,237.1545,181.3766,195.4105,215.4542,185.0678,180.1208,164.7983,170.956,190.6629
2019-01-01,188.0357,164.1486,154.3105,233.7201,180.8936,197.4877,206.205,223.7092,182.2543,174.7196,176.1325,190.2864,189.9154,164.645,155.5131,221.858,181.3132,194.6462,203.4532,223.5279,179.1848,175.7777,175.7302,189.548,186.1421,163.5375,154.9885,238.3402,180.9627,199.4815,207.2756,229.8671,184.9407,170.1393,176.2224,191.3205,187.5026,167.4859,148.2591,227.9795,174.6751,201.6024,210.2213,215.2833,179.9331,181.1374,170.8238,191.7343,187.7361,162.9281,152.4122,268.711,177.4474,196.0894,204.4993,228.6639,185.4879,187.5955,177.7211,185.7186,190.028,163.1306,149.0438,261.5128,182.2216,204.4372,213.037,208.7144,183.9478,176.3857,180.8578,188.9738,182.7419,163.7076,152.4902,249.7567,186.2452,201.4854,217.9837,197.5211,187.4733,170.1785,176.8615,196.9325
2019-02-01,198.7818,168.0165,155.7973,248.6768,185.932,203.7521,210.7001,226.1415,186.2753,177.646,182.5376,196.1795,200.3367,168.4551,157.0732,237.6627,185.7125,201.7245,208.7417,226.7862,183.6484,179.2309,182.0486,193.9828,197.4047,167.3245,155.9874,249.88,186.4363,205.4574,210.7256,231.429,188.1233,173.2993,183.1999,198.6115,197.3512,171.9577,151.9303,251.0842,181.0133,205.93,218.0122,218.132,184.6412,181.1374,178.2145,200.9251,200.6078,166.9429,154.454,288.5078,182.3949,200.7878,206.5831,230.3913,190.3606,190.8899,182.1958,192.5416,201.9767,167.3738,150.0854,277.7451,188.1974,210.3003,216.7725,211.1789,189.5824,176.3857,186.6597,191.7177,189.2477,167.5029,154.3204,264.3265,191.9638,206.4482,223.3591,198.8516,189.5296,171.7439,182.4352,205.298
2019-03-01,210.628,174.827,166.0308,255.6783,192.9944,210.369,219.4872,236.0623,189.9687,209.4616,190.4396,202.2281,212.0319,175.4443,170.2354,246.3054,193.4887,207.4407,217.7008,236.2025,185.2328,210.87,189.6348,200.4224,208.9961,174.0212,164.9488,255.3276,193.2714,212.0874,219.1139,241.8571,194.7118,200.8748,190.9719,204.0069,209.7241,177.2575,159.4717,263.599,186.5708,213.5318,228.1952,228.766,189.1737,221.7091,187.0104,207.7378,213.0339,173.9572,159.0908,295.416,188.8111,211.1458,216.2516,239.9043,193.2556,239.1842,189.4298,198.8668,215.7301,173.8673,155.2078,277.7588,194.9874,218.8183,224.8528,221.8008,192.4184,201.5515,199.6135,198.0625,200.9528,174.9426,162.1748,267.694,196.6706,213.3061,231.4402,209.1658,193.4662,209.4922,188.718,210.8663
2019-04-01,215.9985,176.6323,176.3303,263.2012,201.8547,217.7389,229.0584,244.3102,195.9999,212.6984,198.2112,208.235,216.2942,177.3908,180.8128,254.7437,202.1052,213.8031,226.1383,243.883,191.4187,213.02,197.2612,205.7455,215.043,175.8127,176.4177,262.9299,202.1858,220.217,230.0953,249.5756,199.3979,203.6021,199.0967,210.6962,217.3242,178.7798,166.1058,267.7968,196.1482,222.6283,235.3132,236.423,195.3075,232.6246,198.3279,212.1494,218.3462,175.0885,167.4764,304.5467,198.6893,219.6788,227.0772,254.6569,202.1036,242.6714,197.8794,206.1925,222.2396,175.6661,163.7047,280.8936,203.4019,227.3139,235.3221,230.2711,198.5426,213.7357,203.9728,204.4122,208.5937,176.7706,169.7424,270.5053,205.7215,220.3908,241.7669,217.3602,203.5474,209.8293,194.4282,217.6734
2019-05-01,221.2588,180.4588,182.2453,273.6695,208.3447,228.7921,237.057,249.1176,200.6997,219.6863,202.6055,214.0404,221.9977,181.1723,185.3862,263.5952,208.7736,225.6527,232.7179,246.7191,196.6069,224.273,201.3577,210.9243,219.6988,179.9139,183.9485,270.3282,208.3617,231.0471,239.5937,255.5985,203.0656,208.9931,203.5625,216.7412,222.4479,181.0498,171.0145,280.6154,201.6685,233.6713,242.2933,243.7357,197.8619,235.3346,200.7626,218.093,223.1516,178.7623,174.1356,342.548,205.1609,227.8591,237.6937,261.8729,207.0696,243.1671,204.8311,212.1594,227.3122,179.5108,169.7982,287.1827,209.9064,237.5976,244.0554,237.6949,205.5218,213.1073,207.9022,211.8199,215.0661,180.6813,176.6224,282.3963,213.7961,230.2553,249.5187,223.6792,210.3201,209.8293,199.7063,225.6198
2019-06-01,226.9033,185.3625,185.7061,281.0736,215.4878,236.9165,240.7657,266.8665,208.1341,223.5381,207.737,218.5697,227.9555,186.2069,187.7146,270.5535,215.6745,231.8228,237.3329,266.2708,202.8122,228.9437,205.682,214.0628,225.0407,184.6014,188.1731,277.3552,215.9995,240.043,242.6841,272.484,211.9304,213.396,209.189,222.3257,228.0631,185.7216,175.1748,291.1847,208.9336,243.7698,246.2181,258.1097,206.45,235.8091,205.7151,224.766,227.9431,183.6813,179.7817,353.2184,212.1571,239.2954,238.6925,277.9078,216.2327,244.385,213.1929,216.5683,232.8461,184.7621,174.6995,293.8968,215.358,249.0156,246.8822,253.4162,210.8739,216.243,212.676,218.6306,221.3372,185.7194,179.903,290.1998,221.6117,240.9543,253.3135,238.1308,217.6466,209.9311,204.432,231.1254
2019-07-01,232.0295,186.9476,186.345,287.2242,220.9243,246.6508,243.5064,267.4442,216.1836,228.213,213.878,224.4509,233.6669,188.3557,187.6964,276.9197,220.6806,240.7959,237.3299,266.7107,211.161,234.0668,211.426,220.5043,230.0146,185.6962,188.3922,283.0166,221.9525,251.0776,247.1887,272.6459,220.0141,217.2125,214.5196,227.3458,232.153,188.2138,177.1789,294.4477,214.5294,254.2934,248.6965,259.6914,211.3623,240.4707,211.5652,231.7055,231.1993,184.158,182.0826,357.4534,216.4343,247.5456,245.6305,277.9703,224.0236,251.7763,220.9991,222.5813,237.2552,185.7844,175.6517,305.933,221.7532,258.5861,255.5007,254.9996,220.2245,218.5696,224.9904,224.673,226.5368,186.9278,185.9299,296.8043,227.8503,250.2419,258.6165,241.8102,224.5908,214.8614,211.2251,236.5118
2019-08-01,242.5051,195.1481,192.1506,293.329,234.3379,259.4603,253.1342,270.5675,225.1959,233.9485,221.5727,234.3934,243.7857,196.6496,193.4764,281.3647,234.5388,253.7682,247.2147,270.3128,222.3902,238.4995,218.1493,229.5674,240.1666,193.6399,194.2316,290.0349,234.4091,263.6428,256.8896,275.0489,225.8195,223.6489,222.8565,237.5067,244.4997,196.9928,184.2537,299.415,229.5438,267.0282,258.4518,263.4223,220.5766,251.5583,218.119,243.5288,243.3975,192.5762,186.81,365.0794,231.141,259.211,251.6284,281.8112,233.2965,259.2265,230.0055,235.1025,250.1356,193.517,181.2704,321.2287,232.499,270.1211,262.9795,258.3233,229.1518,222.7794,235.6485,235.6338,235.7925,195.8166,192.3091,302.6766,243.5081,266.5123,273.0576,243.6236,235.5254,222.3353,219.1574,246.2574
2019-09-01,256.3757,206.218,210.4983,299.168,251.7058,281.0982,265.0598,288.7594,242.2378,236.3192,233.2019,253.668,257.577,208.2246,216.0233,285.7905,252.4058,272.9536,258.2652,288.495,239.5231,240.667,229.7003,248.064,254.4057,204.0461,209.1539,296.9638,251.8846,287.863,269.5423,293.6733,243.1153,226.3624,234.221,256.5909,258.6332,207.188,200.0604,309.6751,244.6658,289.3247,272.1464,281.7965,238.4335,255.1061,233.8715,263.4943,257.1563,203.7149,204.1852,368.9902,247.7284,284.4338,263.1232,302.4057,246.5935,260.5112,242.4505,256.7209,263.4337,204.2862,194.0333,331.2451,250.615,293.4359,276.0522,272.7204,248.9957,224.417,247.5575,257.1361,248.2396,208.0305,205.0109,309.5901,257.9072,285.5786,286.2945,259.1151,251.364,225.5978,227.7431,267.7179
2019-10-01,262.6603,218.9538,220.4635,304.8007,272.1918,294.2595,274.3506,290.1029,247.0628,240.0651,239.127,263.4181,263.9796,221.6366,225.8875,291.3924,274.3482,285.3789,264.6173,288.7268,244.9917,243.7719,235.7793,257.2619,260.9044,216.0888,218.9974,303.5987,271.4544,301.8756,282.47,295.3925,245.9003,230.7576,239.6211,266.1801,264.3301,217.7666,211.4602,311.929,262.532,305.4112,283.1466,285.1106,245.8387,261.0167,238.0267,274.2045,261.4557,216.5239,213.2416,371.5297,268.2497,297.1895,270.3085,305.3994,254.3766,263.7081,249.1496,267.5708,269.1742,217.1244,207.6402,339.2326,270.7723,307.2929,288.3889,275.3063,255.5258,230.8964,254.1716,268.8532,255.9146,221.1988,212.5806,313.4394,274.1781,296.6257,297.0019,262.8585,255.9938,226.8984,236.0028,279.1543
2019-11-01,276.6339,231.1972,230.249,309.4466,273.7052,312.847,286.9334,311.5568,255.3408,250.6401,247.0036,276.2862,278.9293,233.7037,235.2338,296.2231,274.4191,302.0045,274.2968,308.4409,251.8864,262.1762,243.0714,268.2379,274.4637,228.2502,229.517,308.0817,273.745,321.8838,297.7914,318.6833,255.079,236.3864,248.0136,279.6233,276.7443,230.1284,220.6308,316.9618,265.1091,324.1266,299.5421,305.5822,257.3488,261.0281,245.6175,290.6599,271.6254,228.871,221.7968,373.0862,269.7862,319.3469,286.0205,329.1698,261.3164,267.2744,257.9258,283.243,283.7594,230.7659,219.3983,342.564,273.9913,328.3123,301.5339,295.671,267.7569,233.2931,262.4744,284.744,270.0412,233.8741,221.48,322.9582,280.7169,316.1671,310.2831,286.5737,265.0636,227.29,244.0091,294.6661
2019-12-01,285.297,238.3667,235.763,316.0254,288.4718,330.324,301.1997,341.3832,261.4482,255.5638,255.1194,286.2711,286.7624,240.841,239.8547,304.2973,289.603,321.226,286.4677,339.7093,259.0867,271.9906,251.95,277.808,283.6828,235.454,235.6142,312.9196,288.2213,338.3466,312.698,348.4562,258.9534,237.3579,255.8099,290.3045,287.5356,237.696,228.9624,323.3902,278.9728,338.1367,318.2231,328.2708,261.1846,261.9175,254.4937,302.7928,280.7229,235.7834,228.3314,381.9476,284.4985,332.5618,301.0185,363.3252,273.4025,267.8939,263.9668,291.0169,291.8169,237.8552,222.6283,345.2293,289.2805,345.659,318.6718,318.9514,273.4237,234.8593,268.1879,293.8452,280.485,241.2029,229.7283,327.4237,294.037,333.7231,333.1471,310.1801,270.9247,227.5631,252.3903,305.658
2020-01-01,298.6501,248.7265,238.2562,318.0346,284.7446,323.7294,305.6389,341.8435,274.5141,256.9216,265.7678,295.0698,300.0787,251.6766,241.2054,302.4597,284.2234,313.7127,288.7529,340.007,273.4152,275.0782,262.5728,287.0117,297.0599,245.4619,238.9593,318.7405,285.3257,332.0201,318.674,348.6692,273.1099,237.0973,265.5847,298.7451,304.7587,246.5134,231.5792,327.3323,277.5606,332.3982,323.2063,330.498,269.7509,261.0776,270.9855,312.3486,293.8845,245.8343,231.5544,385.622,281.6851,329.0386,306.1909,363.6008,281.097,267.8939,272.5565,297.6665,304.6729,247.6162,225.5978,351.4413,287.4292,337.474,328.1408,319.0182,283.5726,236.5604,281.4594,303.6217,291.0005,252.2101,235.4392,333.565,294.168,330.7246,341.1621,313.0559,279.8105,227.5631,264.2112,314.6142
2020-02-01,306.6182,251.9682,243.9437,319.9809,290.661,325.1671,310.5997,349.775,280.5764,260.6158,273.9206,302.2693,307.382,254.7114,246.8443,305.987,289.6399,314.5439,292.7309,348.3377,276.1504,277.2068,271.2264,294.6889,304.8196,248.6394,245.1212,321.4184,292.0567,334.134,325.6215,358.0461,281.2514,240.8005,276.0581,305.493,313.624,250.4467,236.3789,329.3483,285.4677,335.1721,329.0442,338.0639,281.2486,276.2938,269.6897,316.4937,304.6495,249.5886,235.0732,371.281,286.793,329.5888,309.2736,367.7342,288.3154,272.9482,279.1275,306.4341,315.2852,251.2592,232.956,356.7685,292.6947,339.4238,329.8704,324.4703,296.5318,239.186,286.0479,312.1816,298.9808,256.0541,240.3657,333.5563,298.8178,332.6348,347.2977,315.3032,287.2039,234.8994,265.9441,319.7225
2020-03-01,318.6777,259.1936,254.1219,324.3739,299.0795,333.8163,315.6444,378.653,287.5823,306.0975,279.826,308.4361,319.0265,262.8594,256.9769,312.0891,298.1909,322.7929,299.2677,377.4036,285.3886,332.7222,276.4127,301.2623,317.5421,254.7117,256.2536,324.0046,300.3593,342.9666,328.6242,386.0185,284.8814,275.2524,281.3389,310.7838,323.651,256.0086,246.0669,336.295,292.9796,345.4542,340.9368,364.765,292.0684,322.6448,278.5756,323.6122,319.8956,256.7873,243.7132,373.5168,294.6871,338.052,310.9536,401.9166,297.9235,319.9231,288.1968,313.6665,326.6204,258.8017,245.4596,357.6081,298.3886,349.0392,334.5845,354.3947,302.5803,272.6039,296.6292,319.2234,308.2663,264.1838,244.0032,337.5978,311.5604,341.5007,350.766,341.9059,290.9657,273.3299,270.2325,324.8402
2020-04-01,328.7785,262.827,257.9206,324.3903,302.7645,337.7523,319.8688,363.1467,294.2192,301.6002,284.0325,308.9516,329.2541,265.5114,260.5659,312.7519,301.065,325.5447,304.8307,366.5663,291.2965,325.4832,280.2731,300.1314,327.3902,259.1647,260.015,322.9214,304.9205,346.3546,332.1591,364.7671,292.4211,269.9939,285.4685,313.2099,335.2059,261.6035,251.337,340.9173,299.3064,353.6914,342.4771,347.6159,298.478,320.9844,284.542,327.2234,334.7997,260.5487,250.0292,374.0929,299.4366,345.5821,316.511,384.5792,305.8159,322.1358,295.6657,313.9574,337.7447,262.662,248.6365,353.3572,302.244,355.6529,331.5761,338.6007,307.2083,280.8957,300.4683,320.7307,309.3919,268.9391,245.5048,338.1969,312.1318,348.7851,355.275,327.3302,298.6344,273.3299,271.8956,322.9315
2020-05-01,331.0146,263.0259,277.3804,324.7404,311.3316,341.3461,323.2338,364.3572,301.4356,300.3424,288.4158,314.8969,330.0889,265.3951,286.9266,313.5388,309.6676,328.2396,305.5751,368.3501,300.6242,319.0977,284.5204,307.3484,331.2021,259.7855,275.2615,322.4284,313.6318,349.8942,338.6606,365.3579,293.3908,274.3558,289.9256,317.8372,336.4375,259.246,264.2053,343.3543,309.8376,362.303,347.573,348.8018,314.9829,322.113,289.2288,330.6093,336.8901,261.9539,267.0112,374.5826,307.3284,350.776,319.6374,386.8805,315.3311,320.8887,300.6163,323.8596,340.5912,264.0108,254.6666,353.5329,310.8771,358.0598,338.2501,338.0135,317.0817,286.066,304.5133,325.0165,314.0004,268.3262,253.8511,338.0445,318.2735,355.7307,357.2352,327.8088,315.9188,272.0187,276.227,324.7451
2020-06-01,334.4636,272.9822,295.818,327.7297,323.992,348.9759,329.1348,365.8524,314.005,301.4521,294.9019,315.9472,333.9281,275.0824,301.8875,315.6588,323.5848,333.0725,311.2991,369.712,315.8605,317.4008,290.3498,305.9117,333.7159,269.2848,298.1304,326.2482,324.8038,360.7843,346.1212,367.5344,306.7151,277.7305,297.2513,321.5265,341.7851,274.4584,272.0242,347.0378,332.9963,370.9011,349.3072,352.0328,326.5725,322.2967,295.8995,337.296,340.6639,272.4196,289.3668,377.1813,319.8763,362.5112,320.9605,384.2913,319.7724,334.2588,307.2606,321.5798,344.7573,274.029,280.3205,356.0926,318.0897,363.7999,344.0613,339.9134,326.9439,285.6238,311.6034,326.4502,317.4475,278.4546,270.2815,344.6003,325.656,362.0806,364.4475,329.6717,313.4671,268.0094,281.5362,329.0769
2020-07-01,338.7648,276.7322,305.5099,331.0918,336.5455,356.5467,335.1763,368.496,324.3321,301.7724,300.6189,323.2643,338.3654,279.3943,306.0252,317.1731,337.7372,338.6919,316.7508,376.6322,322.8434,315.7214,295.1175,315.1177,337.9739,272.4421,311.9679,331.8049,335.0819,369.6979,352.3623,364.8127,319.9199,279.6135,303.5891,326.6678,347.3945,276.9497,288.1086,349.8072,342.7949,380.7171,357.8977,354.5954,334.0557,322.6604,302.4151,341.2137,342.4102,275.9758,301.5567,381.3605,331.8033,371.6366,328.0221,383.0078,336.0721,339.4693,313.0796,330.8911,348.4305,278.1531,296.4225,361.7409,329.9553,375.7193,351.4398,347.7045,333.5106,286.458,318.6631,334.4386,323.9068,282.2182,286.4786,348.4237,344.1135,369.8257,369.5116,329.9988,333.0711,268.3056,289.2235,333.996
2020-08-01,350.5076,280.3346,312.2789,338.8038,348.1836,365.1113,344.7144,369.5853,335.0449,304.0824,306.2356,334.0208,350.8916,283.5739,313.901,325.1627,349.4358,346.6054,325.6423,377.5922,333.5596,319.0605,299.703,330.7462,349.4856,275.4803,317.9052,338.77,346.3082,378.238,361.8261,364.7924,331.193,280.9819,310.8161,333.5342,357.6112,281.7144,286.666,354.4555,354.2464,391.6052,371.9104,357.1384,340.0498,327.066,307.1504,351.9515,351.8039,278.8666,310.4442,391.8905,341.4684,382.1337,336.5056,391.6291,343.9922,342.2903,318.9338,336.9701,359.842,281.0094,303.4673,373.2251,343.1694,386.0878,362.131,346.7804,342.611,285.7398,323.115,338.5091,335.1676,285.2349,293.3026,353.3063,359.5478,377.8584,382.3348,329.9286,350.6141,268.2945,294.4131,341.3126
2020-09-01,360.8692,292.3052,330.5055,343.9618,357.1864,377.8509,357.1236,370.0946,341.3154,304.9813,311.5692,340.0843,360.8055,296.1978,337.4421,328.7368,359.6755,356.5201,336.7613,374.475,341.8011,319.8581,303.5529,339.9264,360.0591,286.7544,330.9736,345.7148,354.239,393.2183,376.4649,370.1953,334.2974,282.1714,319.0285,337.3861,370.5896,292.9888,302.7982,358.6674,368.4586,409.6477,381.4486,362.0185,352.7017,327.066,316.9198,356.2155,362.6661,290.46,319.2304,394.8902,346.9931,396.3677,344.5205,387.6289,353.1496,343.2758,319.4196,341.3462,371.126,293.2142,331.8143,385.5045,350.8298,400.1388,378.4364,348.7032,349.27,288.8698,327.7968,338.9699,343.9195,297.0005,302.044,358.5338,366.1054,393.2721,396.4558,331.2242,349.936,266.4406,295.937,344.4454
2020-10-01,378.0896,297.8662,351.1551,351.9646,373.2176,389.5109,371.9913,369.6031,350.1056,305.3871,322.1058,347.2283,378.0836,302.2957,358.4122,335.9612,376.6123,365.4615,350.6817,372.4854,350.2174,319.9665,313.6212,346.3864,376.877,292.6825,354.7742,354.5622,369.4718,406.9482,392.8405,371.883,344.2541,282.8527,330.4257,344.4139,387.1912,297.0951,318.5101,368.4243,386.8226,421.6949,396.3428,362.2766,362.9391,327.7792,322.2622,366.0135,382.6901,295.0194,340.0189,400.3876,363.0212,410.6151,357.3076,382.9387,354.8039,343.8786,332.9111,349.3735,388.2221,297.599,339.7554,395.9748,363.583,416.6332,396.2482,350.7787,360.2428,290.1694,340.8066,350.0503,360.1813,298.7982,315.5039,367.9452,380.7133,407.2255,409.5179,332.2654,360.5184,266.2087,302.2583,350.4516
2020-11-01,388.3864,306.7433,364.0892,360.8388,387.9375,403.8029,385.4469,367.4745,367.9236,306.746,332.4733,356.3987,386.1547,309.5605,369.1583,344.243,391.3552,378.0142,365.0886,365.8217,369.5455,321.4936,324.4805,357.917,389.9047,302.7303,368.3907,365.1937,383.1248,422.0734,404.9158,372.6465,362.4915,283.8029,340.5653,352.0259,400.6413,305.9135,334.1207,378.8166,403.6101,439.5132,412.0487,362.1572,384.9754,328.7553,333.3281,372.1491,390.7196,306.8517,358.8571,403.4443,382.2796,429.6741,370.3972,390.5695,367.3511,343.9654,344.7358,358.6177,399.1108,306.7879,354.9369,405.4405,376.8479,433.8416,409.1959,353.2344,377.2302,295.4738,349.0667,354.579,371.2628,309.9157,330.7152,376.7227,395.8409,418.775,422.303,331.7363,365.1697,266.8138,309.0001,356.625
2020-12-01,405.2871,317.1521,377.2469,371.5185,397.2227,424.9668,404.314,367.3696,387.0686,306.8977,347.7424,362.5783,396.893,318.3355,383.9238,358.4496,398.9083,399.8237,383.3669,365.6122,387.546,321.4474,342.5174,362.6176,410.4009,313.5887,379.6781,373.2277,394.0748,443.7132,424.4015,372.3729,388.0503,284.1361,352.8094,359.0625,437.0123,323.3626,354.5455,385.2664,411.6971,459.7286,426.7893,364.9281,393.4691,328.7553,353.9476,377.7692,415.6978,318.3507,372.1796,409.2499,389.9559,448.2768,387.4985,389.4201,383.3744,345.0549,356.6325,365.8327,422.5693,318.8702,365.4739,412.0906,388.454,456.4847,431.6571,352.4229,388.6505,296.0217,367.3801,365.4114,382.4027,322.5887,337.1497,384.8952,410.4037,432.9217,445.3357,333.4793,372.2316,265.8918,316.7766,364.4949
2021-01-01,424.8374,331.4265,382.4282,375.7501,409.0026,439.3776,422.9057,422.9513,405.7084,308.6755,366.4717,369.9824,412.7351,331.3735,384.2546,355.0014,409.698,412.6576,394.4234,426.7295,404.775,323.7569,362.4122,370.1955,434.1033,329.2646,388.2065,382.8587,405.6861,458.1655,448.091,421.9765,410.1127,284.1361,368.9803,366.8238,461.1208,337.917,357.5874,388.8264,423.2817,477.0172,453.6804,412.5874,409.4258,328.9943,370.2358,385.2291,438.2746,334.0066,386.6005,437.8597,401.7972,471.4465,414.8095,450.6759,403.1162,352.6972,381.3667,373.4591,443.9524,332.8249,380.1202,421.6108,405.906,470.9392,454.4119,399.8284,399.2593,296.0217,392.7364,370.6396,395.9537,336.4545,342.6392,390.2555,426.5893,446.761,478.7663,386.5869,389.5475,269.4804,329.1856,369.536
2021-02-01,441.0722,343.3155,393.1944,383.4268,427.6367,454.7265,443.3079,430.6911,415.0224,309.01,386.2568,381.9169,429.2024,343.4201,393.1268,362.9717,430.1651,424.7791,413.5101,430.8196,415.6103,323.7569,383.4441,382.4193,449.5755,340.5143,400.1579,388.9795,422.1181,474.8498,469.8778,434.0161,416.85,284.3727,388.2627,378.8966,478.1992,348.2078,370.7064,394.0683,441.1219,507.1152,475.6109,426.3605,420.9735,334.6893,391.6444,396.1516,455.4186,347.5251,395.8991,441.4928,421.5107,486.3755,431.9724,457.6558,413.7617,352.9527,396.3368,382.925,459.9176,345.6579,398.4482,445.9511,423.567,488.7899,480.2908,404.4377,402.9254,296.0217,412.6131,385.3446,413.7004,349.5791,354.4762,396.2591,444.1874,467.6517,499.5242,397.425,405.7329,269.4804,346.4601,379.258
2021-03-01,461.3238,365.3793,435.7025,388.4775,441.1744,472.856,461.8773,430.982,437.1879,397.0482,398.4108,390.3459,450.199,364.9237,456.928,366.4275,443.5191,441.8719,428.9895,431.2261,430.1147,421.306,393.6314,390.6556,470.9722,363.6578,428.6025,394.3926,436.4926,495.1857,490.9267,431.7056,453.5778,368.8738,400.2079,386.9944,493.3112,367.7006,383.3997,402.1659,453.8373,521.6201,495.1735,433.2802,428.2826,412.9017,406.9945,405.5625,471.394,369.9409,419.5783,448.196,434.3367,503.953,456.1015,460.4092,424.9727,447.7301,413.468,394.3018,479.5129,367.9352,417.7376,456.9785,438.8695,506.5566,502.1337,409.6266,429.2583,344.7319,429.196,393.4173,430.4749,370.6956,376.4573,403.7293,453.2493,484.6087,518.5941,400.1504,420.5266,334.752,363.1988,386.8553
2021-04-01,481.2407,378.4685,461.9321,401.9368,460.1121,490.482,487.9806,433.2713,443.676,406.8828,413.8512,404.5705,471.3873,378.9455,479.455,381.5934,464.2104,458.5319,450.674,433.3354,441.9046,434.3193,406.2058,406.0666,489.7594,375.6388,459.54,403.1928,454.9925,513.667,521.9013,434.0744,450.4288,375.7776,418.2112,399.7368,510.5907,383.697,406.8473,422.6056,473.095,537.5613,525.0889,437.1961,440.2572,438.1246,420.1841,423.8007,489.8741,381.7518,444.7091,467.1902,447.1516,521.3658,480.6597,462.5078,437.5743,454.9986,430.4353,406.4877,501.5699,380.8018,442.2944,464.6043,451.2445,525.1803,534.6485,414.9889,434.2929,346.3381,453.0228,407.03,448.9001,382.3607,410.871,424.6849,474.8457,506.5657,545.4495,398.9672,434.2966,334.9045,377.1517,400.2802
2021-05-01,496.1796,384.5689,471.6343,410.1034,470.991,513.7918,517.0463,437.5563,457.4624,416.1535,429.2946,416.3379,485.7727,383.2759,480.4131,391.89,474.3771,482.7101,479.0633,440.3408,458.7188,445.9948,424.6215,416.2814,505.1827,383.6215,475.6288,409.6214,467.0118,535.7516,551.2548,435.0878,461.1845,383.0926,429.336,414.2621,524.5447,388.3327,432.5869,434.4398,478.5807,558.3386,548.7879,443.7219,455.1007,438.1246,430.1969,435.7917,505.7951,389.3638,459.1933,474.8725,458.4332,546.2119,505.6883,464.6966,447.8953,456.4464,449.4229,419.5747,518.5694,388.7192,453.7757,462.6201,465.3421,550.8925,575.5995,415.9042,449.6451,366.7477,473.367,415.3056,462.8545,388.643,434.0809,431.1912,485.3348,527.8337,576.9523,405.237,443.6422,342.9204,391.092,408.0421
2021-06-01,512.2593,405.6917,487.9626,420.2876,486.2222,530.2766,533.8777,468.3691,467.7135,420.9305,442.6958,424.5201,502.4521,405.2644,499.33,400.3266,489.811,493.1037,494.8991,471.0799,467.0966,450.4861,436.5722,423.1317,520.1609,402.9758,490.7892,420.2523,481.5706,556.9774,569.0351,465.9338,473.1483,389.0534,444.555,424.1241,538.0776,416.2269,439.5882,443.1655,494.7746,583.2893,563.8334,470.6889,469.4647,441.8844,439.8637,446.9509,522.8622,409.6547,470.2778,496.3282,473.3749,571.2673,522.2847,495.8996,455.395,458.1922,462.5243,423.8888,538.9294,410.9198,472.4521,477.1546,481.5851,573.2985,587.3537,445.5793,462.5729,373.738,491.4731,422.7502,477.6794,408.0309,448.2561,436.7072,501.8961,542.144,605.5423,440.8912,456.1597,345.2369,403.5578,420.385
2021-07-01,529.7087,418.2942,494.0248,432.405,499.4892,550.5464,546.1141,470.0952,482.1844,431.6135,463.7774,438.0619,520.3921,419.5961,502.5215,414.8198,502.9341,507.3922,502.5147,471.7787,485.3674,468.179,460.7445,438.8603,537.3565,414.4586,496.3266,430.6721,494.7861,582.3544,585.8075,467.4379,481.9022,394.0675,461.9311,436.657,554.4261,424.9319,453.6421,450.9805,509.346,609.2325,580.1812,476.7504,484.0361,442.5789,459.7998,459.0456,537.4301,423.3545,478.3125,502.3988,484.2205,595.4577,536.6061,506.1041,471.9962,462.514,483.5022,434.5191,556.7018,419.5867,487.9941,488.7224,497.0836,602.336,603.5191,443.4521,477.4649,378.7866,513.2083,430.9006,497.2645,418.8005,464.6457,449.6352,516.7084,563.1049,620.3484,441.5872,472.5689,353.9542,423.5161,432.3306
2021-08-01,537.5867,426.7422,510.8956,437.3723,515.857,573.6501,559.4713,467.3059,500.0179,449.9,477.4438,452.5377,527.856,427.2299,522.0937,426.6639,518.0532,531.3048,514.2602,465.939,503.5727,488.7261,470.135,452.6267,544.382,423.3213,510.3589,426.0321,511.8576,605.2375,599.5178,466.0048,499.7967,412.016,481.1851,452.2558,565.2834,442.0286,476.1927,462.9891,528.0691,630.1919,597.7881,472.3195,498.3629,448.0532,468.962,474.6504,545.2554,432.1851,495.1485,505.8299,500.2862,615.2222,546.8015,508.4444,494.5034,492.6841,499.7627,447.587,563.0753,425.9041,497.57,475.9714,515.5036,626.7525,619.7151,449.7956,490.2418,385.3474,524.3915,443.5021,514.163,425.6996,478.5125,466.7074,535.6009,585.4299,645.6069,442.5804,488.7301,359.8401,439.4146,448.4538
2021-09-01,553.4373,451.7961,541.712,445.7672,533.8161,598.3555,576.4905,480.2655,518.8505,463.9288,496.8871,462.336,545.0917,453.6391,557.3109,432.5079,538.1518,556.5408,533.3557,483.9435,520.4777,506.6458,491.3744,460.9736,559.1646,447.1905,538.2268,436.2809,528.2209,630.8865,615.9715,473.7768,521.6877,423.8425,500.1882,461.5052,578.8844,464.8236,495.2323,475.2252,539.1285,651.9276,611.0326,487.1432,514.3744,457.6055,485.3504,490.4378,559.6997,456.9606,524.9846,514.9454,519.5099,637.1643,558.9006,513.5934,512.5989,504.2567,517.7003,461.2903,576.7106,449.7654,526.9041,486.9389,530.4224,650.375,630.0281,458.4683,501.5198,395.5928,535.6698,452.8286,531.3215,450.3691,502.8378,481.1277,553.3079,606.0281,664.2194,458.7509,516.4493,364.6539,459.6378,464.9422
2021-10-01,572.3293,461.7273,569.4577,456.979,548.5192,626.6749,594.2962,485.73,539.5742,470.3893,517.4057,477.8239,564.4767,460.1521,589.8082,445.2315,553.1724,588.5367,550.2513,488.7798,545.2419,511.521,511.343,479.0735,578.3754,460.3051,563.1593,444.8753,542.296,657.7871,634.1371,480.7987,538.5068,432.3711,523.0063,474.8469,597.2263,478.4913,529.6128,483.6138,552.7889,674.999,635.2802,492.877,533.8951,458.4143,508.8949,501.6129,579.6307,469.2724,546.4992,522.09,533.4513,657.3747,572.6187,518.369,537.2376,509.0213,534.297,476.237,591.2756,462.2359,541.2378,510.5533,544.4923,675.259,651.3316,464.2007,520.0075,411.6703,552.694,466.4869,546.9031,459.678,522.5806,490.5472,572.4729,629.158,684.6932,459.4613,524.8739,368.6794,474.9564,478.5081
2021-11-01,584.4717,466.8177,592.8289,466.9551,563.3426,641.9374,607.3504,489.7423,547.4789,474.3662,543.1712,487.5849,574.6592,464.4118,609.3601,453.1519,568.4489,600.7632,559.356,488.2506,550.1614,513.5276,541.9437,488.4307,591.908,465.1798,595.136,456.8656,556.5524,674.0487,648.858,490.8675,548.9392,439.5251,546.1543,483.8945,613.4345,492.1285,547.7558,498.1025,567.4732,697.6908,659.135,494.8439,545.5868,458.4926,538.4972,512.8019,593.6645,476.2784,569.3378,535.857,546.891,675.8038,586.2348,527.3223,546.6622,512.027,552.5696,489.8833,607.3227,467.2246,554.2844,518.981,558.4798,695.1112,672.4252,466.1801,533.2415,418.9341,575.5834,478.4907,556.508,463.5096,537.7626,499.4052,590.2702,650.2498,705.9488,460.4184,530.3905,370.3765,484.7825,487.4847
2021-12-01,609.3311,491.9092,621.094,476.8025,582.338,645.1434,637.3158,498.8013,569.1202,479.1164,575.1289,503.0842,596.9322,488.4483,642.0981,464.4451,588.3098,603.1502,597.0836,495.7511,575.0976,521.8127,575.9063,502.3516,618.9266,491.4747,617.2162,465.594,575.2217,676.9793,672.1835,500.9088,568.3825,441.5079,571.515,501.0846,649.2519,522.3454,576.8095,506.5422,583.7987,703.9309,680.117,504.9998,559.7483,461.763,588.6231,528.0944,621.3492,501.3694,597.0226,544.3789,562.3634,681.7927,607.1622,538.9656,566.2902,512.0955,596.8212,507.6875,634.2376,491.4649,589.8435,525.6726,578.282,701.0687,697.5245,477.3203,554.582,423.0259,609.5021,497.3125,572.9915,485.9358,559.3276,508.8212,610.421,653.4482,732.656,470.3278,547.4848,370.3765,507.5991,498.3815
2022-01-01,639.405,500.7578,635.994,485.193,601.6662,671.6729,654.8718,536.1267,593.0751,482.7713,607.7867,524.7001,627.7655,496.2309,654.9264,469.0176,609.4198,632.4334,608.8994,539.1585,604.4783,525.6626,610.0734,526.8939,650.1235,501.8449,633.2557,475.309,592.6635,701.8927,695.7262,532.0055,586.9918,444.7139,599.4918,520.3305,674.0474,532.7393,590.6718,519.3987,601.7708,728.1871,700.9185,542.0942,577.1529,464.2632,621.0082,543.986,652.6955,509.5106,616.96,555.8413,583.4295,702.8572,623.3426,574.3108,585.7392,518.885,629.0815,532.5289,661.1272,499.5304,606.5101,541.3698,597.4841,726.7274,720.2962,511.9873,585.5443,426.9505,662.6353,515.2673,594.3726,494.2947,577.6344,531.3974,625.5239,675.7371,758.3678,499.7398,563.9063,371.4297,538.7371,514.3429
2022-02-01,687.1658,514.0762,657.5762,498.9476,628.3237,696.1161,687.1919,544.0338,606.6697,495.5553,634.0233,547.448,681.4654,509.6969,673.7573,480.7991,635.6042,652.1907,633.8206,547.9454,612.9475,536.265,637.1043,550.0639,693.6278,513.7363,657.8142,493.0212,620.6398,728.4243,733.7331,537.811,601.3228,456.7887,617.7078,542.3978,716.4709,554.0292,608.9254,532.3501,630.6056,762.85,741.5623,551.0261,600.5405,497.3592,647.8593,566.0174,693.5612,523.9095,637.5937,557.9594,608.1331,733.0798,659.1657,585.1511,610.4035,541.8336,669.8602,555.8753,710.6436,513.7729,629.0696,562.7882,623.3603,757.962,763.9151,525.7136,606.1146,436.8733,702.949,540.6685,630.033,506.4848,608.1343,546.7146,648.6312,705.267,798.9526,502.5943,586.6758,380.042,579.0863,534.8272
2022-03-01,736.9451,543.6306,728.959,537.1626,655.8863,730.5922,724.8465,562.7616,626.8734,612.6821,668.4613,577.6959,722.8456,540.3935,765.5852,521.0635,662.7936,688.1142,665.7419,558.4333,627.6276,655.0371,673.7515,582.4197,748.2639,542.4403,717.7743,522.8195,648.9746,760.4544,773.8048,567.6306,628.4168,574.516,649.9686,569.8645,771.919,575.0959,654.5276,614.455,654.1684,797.4739,801.0692,576.136,618.538,624.712,677.594,596.0683,753.5568,551.3098,678.6208,589.3957,634.8449,771.4596,699.3634,608.723,630.6953,644.5871,703.7338,582.4351,774.9899,544.9294,676.6914,597.9837,655.7286,790.304,814.2345,536.842,625.9671,503.7127,735.8994,570.5933,687.9749,540.8387,661.8833,595.8181,673.9692,739.8042,838.3398,515.8329,611.6488,543.234,616.1143,571.9158
2022-04-01,780.1457,561.8137,801.0762,561.7478,691.9571,777.2991,763.5071,583.3455,659.6448,635.5003,717.5668,608.0932,765.7118,558.9217,847.1713,546.0704,699.3546,731.0263,705.5607,583.0194,664.3089,677.9087,719.4846,610.8024,789.6908,561.2437,781.6751,543.8171,684.9308,812.1676,811.4391,583.8151,658.5599,597.8817,703.8303,601.4204,821.4676,593.6999,712.3714,649.8864,690.2601,847.6625,834.0788,595.9704,646.0259,642.8947,728.4937,629.2606,801.1389,568.812,752.291,617.8651,670.8917,813.1644,734.714,628.0023,668.9202,672.4394,748.577,617.617,818.5181,561.8491,740.8228,620.5285,695.3912,845.4147,858.0554,555.2092,647.8326,531.8872,786.6069,600.9343,734.3518,553.0194,722.6282,628.2892,702.2096,781.8797,877.0958,534.5029,635.9462,552.8523,664.6177,602.9938
